Date,Ticker,Open,High,Low,Close,Volume
2025-01-02,DEMO-BENCH,101.1,101.52,99.54,100.04,100788809.0
2025-01-03,DEMO-BENCH,99.95,101.03,99.38,100.35,107281746.0
2025-01-06,DEMO-BENCH,100.47,100.86,99.44,100.14,106291585.0
2025-01-07,DEMO-BENCH,99.25,99.94,98.71,99.38,113235375.0
2025-01-08,DEMO-BENCH,99.18,99.92,98.72,99.01,77138770.0
2025-01-09,DEMO-BENCH,98.28,99.27,97.29,98.17,76592078.0
2025-01-10,DEMO-BENCH,97.93,99.2,97.61,98.26,98326083.0
2025-01-13,DEMO-BENCH,99.62,100.4,98.95,99.49,56848825.0
2025-01-14,DEMO-BENCH,99.29,100.18,98.87,99.09,84300171.0
2025-01-15,DEMO-BENCH,98.75,99.14,98.11,98.57,70062443.0
2025-01-16,DEMO-BENCH,98.86,99.56,98.16,99.05,72954019.0
2025-01-17,DEMO-BENCH,99.69,100.18,98.43,99.4,51761572.0
2025-01-20,DEMO-BENCH,99.96,100.3,99.01,99.54,64032487.0
2025-01-21,DEMO-BENCH,98.6,99.42,98.08,98.74,79591170.0
2025-01-22,DEMO-BENCH,98.43,99.28,97.93,98.76,99897027.0
2025-01-23,DEMO-BENCH,100.41,100.76,99.29,99.41,102466230.0
2025-01-24,DEMO-BENCH,98.27,98.69,97.84,98.25,78409494.0
2025-01-27,DEMO-BENCH,97.46,98.44,97.11,97.89,76302412.0
2025-01-28,DEMO-BENCH,95.84,96.68,95.59,96.25,64998022.0
2025-01-29,DEMO-BENCH,95.24,95.58,93.91,95.17,88465775.0
2025-01-30,DEMO-BENCH,93.5,93.99,92.9,93.63,75198564.0
2025-01-31,DEMO-BENCH,92.99,94.17,92.63,93.47,93083577.0
2025-02-03,DEMO-BENCH,92.37,93.28,91.44,92.44,123958686.0
2025-02-04,DEMO-BENCH,92.56,93.18,91.95,92.71,79355114.0
2025-02-05,DEMO-BENCH,92.92,93.53,92.4,92.87,55019519.0
2025-02-06,DEMO-BENCH,93.14,93.46,92.06,92.75,64509598.0
2025-02-07,DEMO-BENCH,90.86,91.17,89.86,90.69,55561459.0
2025-02-10,DEMO-BENCH,89.78,90.49,89.51,90.29,59308297.0
2025-02-11,DEMO-BENCH,90.02,91.04,89.59,90.28,110868445.0
2025-02-12,DEMO-BENCH,90.32,91.41,89.45,90.41,84664089.0
2025-02-13,DEMO-BENCH,89.41,89.77,88.57,89.2,54706527.0
2025-02-14,DEMO-BENCH,88.7,89.22,88.0,88.86,94201365.0
2025-02-17,DEMO-BENCH,88.24,88.58,87.64,88.11,109631019.0
2025-02-18,DEMO-BENCH,87.26,87.88,86.52,87.5,73116788.0
2025-02-19,DEMO-BENCH,88.35,88.94,88.06,88.37,67560867.0
2025-02-20,DEMO-BENCH,87.97,88.25,87.33,87.77,73529171.0
2025-02-21,DEMO-BENCH,87.34,88.66,86.99,87.77,85899522.0
2025-02-24,DEMO-BENCH,88.51,88.89,87.9,88.51,93880169.0
2025-02-25,DEMO-BENCH,87.53,88.63,87.02,88.08,107509675.0
2025-02-26,DEMO-BENCH,88.39,89.3,87.55,88.03,108326107.0
2025-02-27,DEMO-BENCH,88.72,89.01,87.66,88.15,107595368.0
2025-02-28,DEMO-BENCH,88.2,88.88,87.44,88.23,112449810.0
2025-03-03,DEMO-BENCH,86.98,88.42,86.55,87.3,94384190.0
2025-03-04,DEMO-BENCH,87.61,88.26,87.07,87.39,54559944.0
2025-03-05,DEMO-BENCH,88.43,88.87,87.78,88.5,77423130.0
2025-03-06,DEMO-BENCH,87.02,87.65,86.82,87.3,86531349.0
2025-03-07,DEMO-BENCH,87.72,88.55,87.27,88.01,72692998.0
2025-03-10,DEMO-BENCH,87.76,89.13,87.39,88.14,100468259.0
2025-03-11,DEMO-BENCH,87.46,88.21,86.64,87.66,73110584.0
2025-03-12,DEMO-BENCH,89.24,89.81,88.82,89.28,63471430.0
2025-03-13,DEMO-BENCH,89.76,90.27,89.25,89.93,114789657.0
2025-03-14,DEMO-BENCH,89.01,89.7,88.58,88.99,94493185.0
2025-03-17,DEMO-BENCH,89.39,89.95,88.58,89.09,84507482.0
2025-03-18,DEMO-BENCH,89.31,90.16,88.94,89.59,100857024.0
2025-03-19,DEMO-BENCH,89.94,90.29,88.93,89.47,104340563.0
2025-03-20,DEMO-BENCH,90.3,90.61,89.22,90.05,87119922.0
2025-03-21,DEMO-BENCH,89.98,90.59,89.39,90.04,43276566.0
2025-03-24,DEMO-BENCH,90.77,91.44,90.15,90.61,67567647.0
2025-03-25,DEMO-BENCH,92.11,92.5,91.11,91.82,71370303.0
2025-03-26,DEMO-BENCH,91.21,92.01,90.73,91.3,62550636.0
2025-03-27,DEMO-BENCH,91.57,92.04,90.56,91.5,84073885.0
2025-03-28,DEMO-BENCH,91.1,92.31,90.38,91.16,107778389.0
2025-03-31,DEMO-BENCH,91.6,92.15,90.65,91.3,70866671.0
2025-04-01,DEMO-BENCH,89.99,90.78,89.46,90.36,60238909.0
2025-04-02,DEMO-BENCH,89.72,90.05,89.3,89.93,132825381.0
2025-04-03,DEMO-BENCH,89.74,90.09,88.67,89.8,71462100.0
2025-04-04,DEMO-BENCH,90.38,90.89,90.22,90.57,58779044.0
2025-04-07,DEMO-BENCH,91.66,91.93,91.08,91.54,84897610.0
2025-04-08,DEMO-BENCH,90.16,90.91,89.33,90.48,88983173.0
2025-04-09,DEMO-BENCH,89.79,90.66,89.14,89.87,67071828.0
2025-04-10,DEMO-BENCH,90.5,91.24,89.99,90.43,97479298.0
2025-04-11,DEMO-BENCH,88.64,89.2,88.47,88.84,70823918.0
2025-04-14,DEMO-BENCH,88.26,89.01,87.85,88.51,63515813.0
2025-04-15,DEMO-BENCH,88.68,89.13,88.07,88.47,83652754.0
2025-04-16,DEMO-BENCH,89.51,90.62,89.13,89.5,97000766.0
2025-04-17,DEMO-BENCH,90.74,91.55,89.52,90.1,68276372.0
2025-04-18,DEMO-BENCH,90.11,90.41,89.05,89.87,86893482.0
2025-04-21,DEMO-BENCH,90.02,90.24,89.2,89.6,78151850.0
2025-04-22,DEMO-BENCH,89.67,89.91,89.0,89.44,162087295.0
2025-04-23,DEMO-BENCH,90.9,91.3,90.01,90.7,67013006.0
2025-04-24,DEMO-BENCH,90.03,90.89,89.65,90.39,113077060.0
2025-04-25,DEMO-BENCH,90.48,90.68,89.76,90.18,78959895.0
2025-04-28,DEMO-BENCH,90.16,91.07,89.73,90.5,77504510.0
2025-04-29,DEMO-BENCH,90.77,91.02,90.1,90.44,95817267.0
2025-04-30,DEMO-BENCH,90.78,91.23,89.57,90.31,100035415.0
2025-05-01,DEMO-BENCH,89.81,90.51,88.88,89.44,109813179.0
2025-05-02,DEMO-BENCH,89.21,90.01,88.37,89.47,86850615.0
2025-05-05,DEMO-BENCH,88.95,89.72,88.59,89.15,68849815.0
2025-05-06,DEMO-BENCH,90.3,91.01,89.55,90.12,69938418.0
2025-05-07,DEMO-BENCH,90.59,91.38,90.12,90.68,90870910.0
2025-05-08,DEMO-BENCH,90.48,91.33,90.15,90.7,92503974.0
2025-05-09,DEMO-BENCH,90.89,91.76,90.55,91.28,113470100.0
2025-05-12,DEMO-BENCH,91.41,91.69,90.81,91.04,88821989.0
2025-05-13,DEMO-BENCH,92.28,92.49,91.65,91.94,104278865.0
2025-05-14,DEMO-BENCH,91.72,92.85,91.27,91.97,116888372.0
2025-05-15,DEMO-BENCH,91.64,92.64,91.37,92.49,83364851.0
2025-05-16,DEMO-BENCH,91.06,91.95,90.56,91.45,55182009.0
2025-05-19,DEMO-BENCH,91.44,92.63,90.98,91.77,59573293.0
2025-05-20,DEMO-BENCH,90.2,90.71,89.97,90.42,55844772.0
2025-05-21,DEMO-BENCH,88.53,88.99,87.97,88.8,119095326.0
2025-05-22,DEMO-BENCH,88.57,89.3,87.97,88.59,64726745.0
2025-05-23,DEMO-BENCH,87.92,88.68,87.29,87.91,108851768.0
2025-05-26,DEMO-BENCH,87.66,88.44,87.29,88.07,92615787.0
2025-05-27,DEMO-BENCH,89.93,90.58,88.95,89.89,122835236.0
2025-05-28,DEMO-BENCH,88.94,89.79,88.44,89.25,102801515.0
2025-05-29,DEMO-BENCH,88.8,89.3,88.41,88.78,77978572.0
2025-05-30,DEMO-BENCH,88.68,89.19,88.21,88.98,76097775.0
2025-06-02,DEMO-BENCH,89.39,89.79,88.24,89.41,81721618.0
2025-06-03,DEMO-BENCH,88.97,89.9,88.47,89.31,83583144.0
2025-06-04,DEMO-BENCH,89.2,89.45,88.77,89.18,70059208.0
2025-06-05,DEMO-BENCH,90.11,91.17,89.44,89.78,79350088.0
2025-06-06,DEMO-BENCH,90.44,90.84,89.34,90.23,119624378.0
2025-06-09,DEMO-BENCH,89.37,90.34,88.62,89.43,52273631.0
2025-06-10,DEMO-BENCH,89.33,89.91,88.74,89.4,85340460.0
2025-06-11,DEMO-BENCH,89.61,89.94,88.75,89.47,63770355.0
2025-06-12,DEMO-BENCH,88.8,89.16,88.24,88.65,83829578.0
2025-06-13,DEMO-BENCH,88.92,90.47,88.38,88.9,98690686.0
2025-06-16,DEMO-BENCH,87.91,88.79,87.57,88.25,78856054.0
2025-06-17,DEMO-BENCH,89.78,90.15,88.36,89.05,97054567.0
2025-06-18,DEMO-BENCH,88.99,89.83,88.76,89.24,53761994.0
2025-06-19,DEMO-BENCH,89.31,90.14,88.8,89.35,105506642.0
2025-06-20,DEMO-BENCH,89.15,89.32,88.58,88.91,68802792.0
2025-06-23,DEMO-BENCH,88.92,89.83,88.67,88.85,93468890.0
2025-06-24,DEMO-BENCH,86.69,87.79,86.22,87.29,83733460.0
2025-06-25,DEMO-BENCH,86.26,86.83,85.98,86.44,41914679.0
2025-06-26,DEMO-BENCH,86.1,87.28,85.7,86.75,66221859.0
2025-06-27,DEMO-BENCH,84.71,85.39,84.07,85.12,84533992.0
2025-06-30,DEMO-BENCH,85.86,86.26,85.35,85.81,117980653.0
2025-07-01,DEMO-BENCH,84.67,85.31,84.25,84.49,85956702.0
2025-07-02,DEMO-BENCH,84.99,85.79,84.71,85.1,85323559.0
2025-07-03,DEMO-BENCH,84.93,85.31,84.11,84.49,56196564.0
2025-07-04,DEMO-BENCH,85.39,85.73,84.66,85.12,114412840.0
2025-07-07,DEMO-BENCH,85.27,85.72,84.75,85.25,125687150.0
2025-07-08,DEMO-BENCH,84.2,85.0,83.88,84.1,80573547.0
2025-07-09,DEMO-BENCH,85.06,85.49,84.58,85.08,75723411.0
2025-07-10,DEMO-BENCH,86.48,86.83,85.99,86.22,53370823.0
2025-07-11,DEMO-BENCH,86.1,86.76,85.54,86.21,99768939.0
2025-07-14,DEMO-BENCH,86.38,86.81,85.3,86.03,157212197.0
2025-07-15,DEMO-BENCH,85.92,86.36,85.59,85.94,95708288.0
2025-07-16,DEMO-BENCH,85.24,85.85,84.62,85.22,109722287.0
2025-07-17,DEMO-BENCH,85.94,86.7,85.66,86.09,91610735.0
2025-07-18,DEMO-BENCH,85.83,86.26,85.33,85.71,62537893.0
2025-07-21,DEMO-BENCH,86.32,86.83,85.33,85.7,111742240.0
2025-07-22,DEMO-BENCH,85.28,85.66,84.6,85.13,58755391.0
2025-07-23,DEMO-BENCH,83.97,85.05,83.38,84.68,75895729.0
2025-07-24,DEMO-BENCH,83.74,83.94,82.97,83.74,85776028.0
2025-07-25,DEMO-BENCH,84.63,85.12,83.79,84.72,99758678.0
2025-07-28,DEMO-BENCH,84.46,85.09,83.94,84.64,88767718.0
2025-07-29,DEMO-BENCH,85.46,86.01,85.01,85.41,88123149.0
2025-07-30,DEMO-BENCH,85.38,85.85,84.44,85.45,66132124.0
2025-07-31,DEMO-BENCH,84.73,85.55,84.37,84.95,57955981.0
2025-08-01,DEMO-BENCH,84.87,85.45,84.05,84.74,81239112.0
2025-08-04,DEMO-BENCH,84.55,85.0,83.79,84.34,66985618.0
2025-08-05,DEMO-BENCH,84.38,84.81,83.93,84.38,57689791.0
2025-08-06,DEMO-BENCH,84.47,84.8,83.62,84.13,58296381.0
2025-08-07,DEMO-BENCH,83.93,84.57,83.34,83.94,70774199.0
2025-08-08,DEMO-BENCH,83.14,83.91,82.43,82.93,50344125.0
2025-08-11,DEMO-BENCH,82.29,82.87,81.95,82.36,57120294.0
2025-08-12,DEMO-BENCH,83.51,83.81,82.62,83.62,53156607.0
2025-08-13,DEMO-BENCH,83.08,83.5,82.81,83.15,83729511.0
2025-08-14,DEMO-BENCH,82.6,83.13,81.75,82.39,88590328.0
2025-08-15,DEMO-BENCH,82.56,83.04,82.17,82.68,132133381.0
2025-08-18,DEMO-BENCH,83.86,84.02,83.35,83.76,55017108.0
2025-08-19,DEMO-BENCH,83.2,83.48,82.3,82.69,67499986.0
2025-08-20,DEMO-BENCH,82.19,83.38,81.86,82.57,100502186.0
2025-08-21,DEMO-BENCH,82.25,82.4,81.67,82.13,75779907.0
2025-08-22,DEMO-BENCH,80.88,81.26,80.41,80.87,73720222.0
2025-08-25,DEMO-BENCH,81.17,81.89,80.94,81.43,122648073.0
2025-08-26,DEMO-BENCH,81.25,81.67,80.83,81.45,73510268.0
2025-08-27,DEMO-BENCH,81.32,82.31,81.02,81.53,59918057.0
2025-08-28,DEMO-BENCH,81.03,81.47,80.54,81.01,57557914.0
2025-08-29,DEMO-BENCH,81.27,81.93,80.97,81.38,87003662.0
2025-09-01,DEMO-BENCH,80.61,81.38,80.05,81.02,86343803.0
2025-09-02,DEMO-BENCH,81.11,81.69,80.75,80.94,56775281.0
2025-09-03,DEMO-BENCH,80.38,80.94,79.66,80.17,62531947.0
2025-09-04,DEMO-BENCH,79.56,79.82,78.96,79.32,91441991.0
2025-09-05,DEMO-BENCH,80.44,80.63,79.83,80.31,92419993.0
2025-09-08,DEMO-BENCH,79.85,80.23,79.61,79.97,68116612.0
2025-09-09,DEMO-BENCH,79.93,80.71,79.02,80.22,93464407.0
2025-09-10,DEMO-BENCH,80.16,81.01,79.94,80.22,92295029.0
2025-09-11,DEMO-BENCH,79.71,80.41,79.19,79.94,51226460.0
2025-09-12,DEMO-BENCH,79.97,80.22,79.08,79.6,73995975.0
2025-09-15,DEMO-BENCH,79.93,80.81,79.61,80.09,88748634.0
2025-09-16,DEMO-BENCH,80.07,80.39,79.22,79.9,69321681.0
2025-09-17,DEMO-BENCH,80.21,80.91,79.21,79.82,46866056.0
2025-09-18,DEMO-BENCH,80.03,80.56,79.71,79.87,74535309.0
2025-09-19,DEMO-BENCH,80.91,81.14,80.43,80.75,96548930.0
2025-09-22,DEMO-BENCH,81.36,81.91,81.04,81.28,118762777.0
2025-09-23,DEMO-BENCH,81.85,82.06,81.27,81.59,46262466.0
2025-09-24,DEMO-BENCH,80.78,81.82,80.44,81.21,153754469.0
2025-09-25,DEMO-BENCH,79.85,80.86,79.47,80.23,60354925.0
2025-09-26,DEMO-BENCH,80.87,81.18,80.29,80.95,101622946.0
2025-09-29,DEMO-BENCH,81.68,82.09,81.32,81.68,108915914.0
2025-09-30,DEMO-BENCH,81.63,82.4,81.32,81.61,102286833.0
2025-10-01,DEMO-BENCH,82.24,83.02,81.43,82.04,83049038.0
2025-10-02,DEMO-BENCH,82.66,82.88,82.53,82.65,59839873.0
2025-10-03,DEMO-BENCH,83.59,84.23,82.87,83.31,93565931.0
2025-10-06,DEMO-BENCH,84.1,84.41,83.53,84.03,66901296.0
2025-10-07,DEMO-BENCH,84.19,84.63,83.11,83.72,42578648.0
2025-10-08,DEMO-BENCH,84.92,85.61,84.71,84.89,162268325.0
2025-10-09,DEMO-BENCH,83.92,84.42,83.3,83.98,95492923.0
2025-10-10,DEMO-BENCH,84.89,85.05,84.29,84.66,126033270.0
2025-10-13,DEMO-BENCH,85.0,85.48,84.56,85.07,63695947.0
2025-10-14,DEMO-BENCH,86.02,86.58,84.92,85.77,115457482.0
2025-10-15,DEMO-BENCH,86.75,87.87,86.36,87.26,119044089.0
2025-10-16,DEMO-BENCH,88.71,89.03,87.88,88.46,117997568.0
2025-10-17,DEMO-BENCH,87.45,87.89,86.91,87.58,79576996.0
2025-10-20,DEMO-BENCH,86.4,86.57,85.92,86.29,59228990.0
2025-10-21,DEMO-BENCH,87.08,87.45,86.32,86.96,76531195.0
2025-10-22,DEMO-BENCH,86.39,86.74,85.5,86.2,46124043.0
2025-10-23,DEMO-BENCH,86.16,87.09,85.88,86.22,52275277.0
2025-10-24,DEMO-BENCH,87.09,87.55,86.33,86.91,81860070.0
2025-10-27,DEMO-BENCH,85.53,86.13,85.25,85.66,62438184.0
2025-10-28,DEMO-BENCH,83.86,84.62,83.43,84.06,76777753.0
2025-10-29,DEMO-BENCH,84.41,85.14,83.94,84.29,77849439.0
2025-10-30,DEMO-BENCH,84.05,84.77,83.16,84.36,129633132.0
2025-10-31,DEMO-BENCH,84.32,85.07,83.29,84.21,110656773.0
2025-11-03,DEMO-BENCH,84.79,85.07,83.9,84.27,79107563.0
2025-11-04,DEMO-BENCH,83.62,84.39,83.41,83.65,108229234.0
2025-11-05,DEMO-BENCH,82.38,83.18,82.01,82.55,65831494.0
2025-11-06,DEMO-BENCH,82.39,82.97,81.96,82.45,73538007.0
2025-11-07,DEMO-BENCH,82.05,82.35,81.39,81.77,100442228.0
2025-11-10,DEMO-BENCH,80.61,81.15,80.0,80.59,58651403.0
2025-11-11,DEMO-BENCH,81.08,81.5,80.64,80.99,74610515.0
2025-11-12,DEMO-BENCH,81.08,81.54,80.19,80.98,57501738.0
2025-11-13,DEMO-BENCH,81.54,82.0,80.86,81.31,82384288.0
2025-11-14,DEMO-BENCH,80.47,81.24,80.0,80.61,120320086.0
2025-11-17,DEMO-BENCH,79.73,80.56,79.46,80.17,66287571.0
2025-11-18,DEMO-BENCH,79.1,79.59,78.65,79.48,84647579.0
2025-11-19,DEMO-BENCH,79.21,79.44,78.58,78.88,63924082.0
2025-11-20,DEMO-BENCH,79.19,79.66,78.59,79.05,60017693.0
2025-11-21,DEMO-BENCH,78.38,79.13,78.16,78.52,58736671.0
2025-11-24,DEMO-BENCH,78.62,79.26,78.06,78.81,115090026.0
2025-11-25,DEMO-BENCH,79.2,79.84,78.71,79.08,144406971.0
2025-11-26,DEMO-BENCH,80.64,80.99,80.22,80.55,90268410.0
2025-11-27,DEMO-BENCH,79.64,80.16,79.0,79.57,66883573.0
2025-11-28,DEMO-BENCH,80.56,80.74,79.97,80.24,95416311.0
2025-12-01,DEMO-BENCH,80.25,80.84,79.86,80.21,73585335.0
2025-12-02,DEMO-BENCH,80.25,80.84,79.77,80.23,97746386.0
2025-12-03,DEMO-BENCH,79.43,79.66,79.11,79.22,86036794.0
2025-12-04,DEMO-BENCH,79.44,79.75,78.59,78.92,85794309.0
2025-12-05,DEMO-BENCH,79.7,80.15,78.96,79.48,93115965.0
2025-12-08,DEMO-BENCH,79.41,79.98,78.88,79.45,69210544.0
2025-12-09,DEMO-BENCH,79.76,80.08,79.06,79.54,72307993.0
2025-12-10,DEMO-BENCH,79.63,80.16,79.12,79.37,52024525.0
2025-12-11,DEMO-BENCH,80.53,80.72,79.85,80.22,71633244.0
2025-12-12,DEMO-BENCH,79.97,80.65,79.57,80.24,56061173.0
2025-12-15,DEMO-BENCH,78.38,79.09,78.11,78.68,77158082.0
2025-12-16,DEMO-BENCH,78.46,78.81,77.66,78.22,62967511.0
2025-12-17,DEMO-BENCH,76.88,77.36,76.58,76.87,82050527.0
2025-12-18,DEMO-BENCH,74.78,75.11,73.97,74.65,89598310.0
2025-12-19,DEMO-BENCH,74.49,74.97,73.86,74.32,56092157.0
2025-12-22,DEMO-BENCH,75.43,75.95,74.91,75.24,65281381.0
2025-12-23,DEMO-BENCH,75.18,75.91,74.94,75.31,63193324.0
2025-12-24,DEMO-BENCH,74.49,74.89,73.67,74.54,96413862.0
2025-12-25,DEMO-BENCH,73.76,74.23,73.61,73.94,122562014.0
2025-12-26,DEMO-BENCH,74.85,75.11,73.91,74.72,98979305.0
2025-12-29,DEMO-BENCH,75.2,75.51,74.37,74.86,73308158.0
2025-12-30,DEMO-BENCH,74.62,75.34,74.18,74.92,115385446.0
2025-12-31,DEMO-BENCH,74.76,75.61,74.43,74.91,54789562.0
2026-01-01,DEMO-BENCH,75.2,75.44,74.54,74.97,116380634.0
2026-01-02,DEMO-BENCH,75.15,75.67,74.66,75.54,67895726.0
2026-01-05,DEMO-BENCH,75.52,76.44,75.17,75.95,39923029.0
2026-01-06,DEMO-BENCH,76.22,76.83,75.61,76.13,155202050.0
2026-01-07,DEMO-BENCH,75.28,76.03,74.89,75.44,118692059.0
2026-01-08,DEMO-BENCH,75.75,76.13,75.45,75.82,61809415.0
2026-01-09,DEMO-BENCH,75.26,75.78,74.55,75.38,83452599.0
2026-01-12,DEMO-BENCH,76.61,76.97,75.55,76.16,75823007.0
2026-01-13,DEMO-BENCH,75.92,76.35,74.99,75.32,82070763.0
2026-01-14,DEMO-BENCH,75.07,75.87,74.73,75.25,55213364.0
2026-01-15,DEMO-BENCH,75.27,75.61,74.95,75.28,67467982.0
2026-01-16,DEMO-BENCH,74.38,75.05,73.73,74.41,89928684.0
2026-01-19,DEMO-BENCH,75.69,75.91,74.86,75.59,84580241.0
2026-01-20,DEMO-BENCH,76.5,76.8,76.4,76.62,107968148.0
2026-01-21,DEMO-BENCH,76.19,76.78,75.58,76.33,81611012.0
2026-01-22,DEMO-BENCH,77.18,77.35,76.66,76.89,143930718.0
2026-01-23,DEMO-BENCH,77.04,77.46,76.71,77.18,66892961.0
2026-01-26,DEMO-BENCH,74.98,75.57,74.65,75.4,85358474.0
2026-01-27,DEMO-BENCH,75.48,76.15,74.71,75.6,49548261.0
2026-01-28,DEMO-BENCH,75.44,76.04,75.05,75.59,58483423.0
2026-01-29,DEMO-BENCH,75.94,76.23,75.06,75.67,111514890.0
2026-01-30,DEMO-BENCH,74.17,75.33,73.78,74.97,63201368.0
2026-02-02,DEMO-BENCH,74.76,75.78,74.27,74.82,91349739.0
2026-02-03,DEMO-BENCH,74.48,75.27,74.22,74.73,78774073.0
2026-02-04,DEMO-BENCH,75.62,76.0,74.97,75.56,61614017.0
2026-02-05,DEMO-BENCH,75.64,76.1,75.36,75.81,73329598.0
2026-02-06,DEMO-BENCH,76.12,76.35,75.45,75.84,70348976.0
2026-02-09,DEMO-BENCH,77.15,77.47,76.25,76.91,70823096.0
2026-02-10,DEMO-BENCH,76.93,77.22,76.01,76.56,96585506.0
2026-02-11,DEMO-BENCH,76.14,76.87,75.74,76.32,94171047.0
2026-02-12,DEMO-BENCH,74.73,75.81,74.46,75.11,69246334.0
2026-02-13,DEMO-BENCH,76.29,76.79,75.91,76.2,63767964.0
2026-02-16,DEMO-BENCH,77.19,77.44,76.35,76.89,85850805.0
2026-02-17,DEMO-BENCH,77.59,78.04,76.72,77.55,78024492.0
2026-02-18,DEMO-BENCH,77.9,78.88,77.59,78.05,103450915.0
2026-02-19,DEMO-BENCH,78.39,78.93,77.5,78.16,155376317.0
2026-02-20,DEMO-BENCH,78.53,78.84,77.6,78.34,98766427.0
2026-02-23,DEMO-BENCH,78.65,78.88,77.84,78.2,79308401.0
2026-02-24,DEMO-BENCH,78.21,78.66,77.44,78.08,76632069.0
2026-02-25,DEMO-BENCH,78.47,78.71,77.87,78.15,64576664.0
2025-01-02,DEMO-ACCUM,99.27,99.95,98.49,99.0,3391838.0
2025-01-03,DEMO-ACCUM,97.79,98.52,96.66,97.89,3796630.0
2025-01-06,DEMO-ACCUM,96.76,98.32,96.1,97.56,3114756.0
2025-01-07,DEMO-ACCUM,96.78,97.22,96.36,97.2,2805327.0
2025-01-08,DEMO-ACCUM,98.29,99.21,96.78,98.31,3842154.0
2025-01-09,DEMO-ACCUM,97.98,98.44,97.0,97.98,4480679.0
2025-01-10,DEMO-ACCUM,97.77,98.25,96.75,97.9,4060195.0
2025-01-13,DEMO-ACCUM,95.15,96.72,94.37,96.53,5169518.0
2025-01-14,DEMO-ACCUM,98.82,99.43,97.41,98.76,7011199.0
2025-01-15,DEMO-ACCUM,99.22,99.8,98.53,99.59,4959174.0
2025-01-16,DEMO-ACCUM,101.6,102.84,99.74,102.09,6384734.0
2025-01-17,DEMO-ACCUM,103.46,103.94,102.26,103.33,3766962.0
2025-01-20,DEMO-ACCUM,104.94,106.24,103.91,105.52,9555862.0
2025-01-21,DEMO-ACCUM,105.52,106.09,103.79,105.37,5393235.0
2025-01-22,DEMO-ACCUM,107.1,107.91,104.91,106.54,5117370.0
2025-01-23,DEMO-ACCUM,110.12,110.76,108.72,110.48,4037393.0
2025-01-24,DEMO-ACCUM,108.79,110.42,107.58,108.92,4398689.0
2025-01-27,DEMO-ACCUM,110.14,111.05,109.17,110.78,3383398.0
2025-01-28,DEMO-ACCUM,111.86,113.96,110.94,113.43,4444082.0
2025-01-29,DEMO-ACCUM,114.23,114.89,112.97,114.25,6511620.0
2025-01-30,DEMO-ACCUM,115.96,116.54,114.36,115.59,5502823.0
2025-01-31,DEMO-ACCUM,116.46,119.0,115.39,117.72,4776260.0
2025-02-03,DEMO-ACCUM,116.64,117.56,114.94,116.91,5073238.0
2025-02-04,DEMO-ACCUM,117.31,118.28,115.76,117.75,4165101.0
2025-02-05,DEMO-ACCUM,114.71,117.66,113.87,116.61,4295077.0
2025-02-06,DEMO-ACCUM,115.56,116.22,113.59,115.77,3531854.0
2025-02-07,DEMO-ACCUM,114.82,115.8,113.89,115.03,3236368.0
2025-02-10,DEMO-ACCUM,114.01,115.82,112.99,115.02,4491305.0
2025-02-11,DEMO-ACCUM,115.06,116.39,114.69,115.45,4213017.0
2025-02-12,DEMO-ACCUM,115.96,116.99,113.88,116.35,8687633.0
2025-02-13,DEMO-ACCUM,113.43,115.28,112.19,114.36,3456011.0
2025-02-14,DEMO-ACCUM,117.35,118.38,116.29,117.58,8880465.0
2025-02-17,DEMO-ACCUM,118.48,119.91,117.81,119.6,4107877.0
2025-02-18,DEMO-ACCUM,120.4,121.54,118.92,120.98,6283247.0
2025-02-19,DEMO-ACCUM,121.07,122.49,119.97,120.62,2963587.0
2025-02-20,DEMO-ACCUM,120.69,121.29,119.39,120.69,3861747.0
2025-02-21,DEMO-ACCUM,122.19,123.35,120.45,121.79,5619964.0
2025-02-24,DEMO-ACCUM,122.42,122.87,121.63,122.67,6396741.0
2025-02-25,DEMO-ACCUM,118.7,120.15,117.92,120.15,2908765.0
2025-02-26,DEMO-ACCUM,120.73,122.46,120.18,121.55,7260406.0
2025-02-27,DEMO-ACCUM,126.58,127.25,124.8,126.49,4423801.0
2025-02-28,DEMO-ACCUM,123.94,124.6,121.83,123.61,4133399.0
2025-03-03,DEMO-ACCUM,125.2,125.95,124.14,125.47,5937830.0
2025-03-04,DEMO-ACCUM,126.24,126.99,123.97,126.31,6265569.0
2025-03-05,DEMO-ACCUM,125.73,126.67,124.16,126.35,3445076.0
2025-03-06,DEMO-ACCUM,128.96,129.94,127.7,128.89,8093325.0
2025-03-07,DEMO-ACCUM,126.28,127.24,125.5,127.09,4603158.0
2025-03-10,DEMO-ACCUM,127.36,128.45,126.58,127.59,4854959.0
2025-03-11,DEMO-ACCUM,129.64,131.14,128.18,130.31,4180206.0
2025-03-12,DEMO-ACCUM,129.14,130.51,128.45,130.21,2618958.0
2025-03-13,DEMO-ACCUM,128.81,130.3,127.56,129.71,2846068.0
2025-03-14,DEMO-ACCUM,130.03,131.73,128.3,130.15,6188134.0
2025-03-17,DEMO-ACCUM,128.4,131.05,127.66,129.61,3673063.0
2025-03-18,DEMO-ACCUM,131.85,134.01,130.18,132.52,4069499.0
2025-03-19,DEMO-ACCUM,130.39,131.98,129.45,131.15,3506297.0
2025-03-20,DEMO-ACCUM,132.37,133.22,131.2,132.92,7983901.0
2025-03-21,DEMO-ACCUM,131.62,132.69,129.27,130.93,3682624.0
2025-03-24,DEMO-ACCUM,131.8,133.08,130.12,132.34,4665929.0
2025-03-25,DEMO-ACCUM,131.78,133.2,129.67,132.39,7568921.0
2025-03-26,DEMO-ACCUM,127.54,128.69,126.02,128.06,4489616.0
2025-03-27,DEMO-ACCUM,126.91,129.15,125.68,128.28,5460111.0
2025-03-28,DEMO-ACCUM,125.14,126.98,123.79,126.68,3436140.0
2025-03-31,DEMO-ACCUM,126.01,126.92,123.83,126.16,2713371.0
2025-04-01,DEMO-ACCUM,128.86,129.56,126.54,128.98,4029988.0
2025-04-02,DEMO-ACCUM,125.96,127.97,125.06,127.29,3547272.0
2025-04-03,DEMO-ACCUM,123.66,125.85,123.09,125.71,3786295.0
2025-04-04,DEMO-ACCUM,129.44,130.06,127.24,128.36,5902993.0
2025-04-07,DEMO-ACCUM,128.26,129.21,125.87,128.79,6198703.0
2025-04-08,DEMO-ACCUM,131.49,132.53,130.14,131.67,5709488.0
2025-04-09,DEMO-ACCUM,132.69,133.91,129.96,132.48,5705902.0
2025-04-10,DEMO-ACCUM,131.21,132.39,129.74,131.16,3109348.0
2025-04-11,DEMO-ACCUM,132.44,133.32,129.92,131.28,3150970.0
2025-04-14,DEMO-ACCUM,132.92,134.69,131.98,133.67,4740677.0
2025-04-15,DEMO-ACCUM,135.3,136.71,134.06,135.59,4254008.0
2025-04-16,DEMO-ACCUM,135.19,136.88,132.62,135.84,4587073.0
2025-04-17,DEMO-ACCUM,135.83,137.58,134.97,136.17,5041786.0
2025-04-18,DEMO-ACCUM,135.7,136.41,134.48,136.21,3957044.0
2025-04-21,DEMO-ACCUM,134.56,136.05,133.73,135.4,3030316.0
2025-04-22,DEMO-ACCUM,139.1,140.09,137.43,139.14,5266256.0
2025-04-23,DEMO-ACCUM,139.89,141.31,136.85,139.41,5558574.0
2025-04-24,DEMO-ACCUM,137.23,138.87,135.86,137.55,3394970.0
2025-04-25,DEMO-ACCUM,137.92,138.64,135.13,136.92,4530651.0
2025-04-28,DEMO-ACCUM,138.45,139.36,137.2,138.5,5111717.0
2025-04-29,DEMO-ACCUM,139.85,140.94,137.78,139.93,4184640.0
2025-04-30,DEMO-ACCUM,138.43,141.11,137.71,139.93,4040939.0
2025-05-01,DEMO-ACCUM,138.09,141.16,136.97,138.93,6403840.0
2025-05-02,DEMO-ACCUM,139.19,140.08,137.69,139.22,4561572.0
2025-05-05,DEMO-ACCUM,137.08,137.84,134.58,136.36,5353922.0
2025-05-06,DEMO-ACCUM,133.85,135.12,132.12,134.23,5644820.0
2025-05-07,DEMO-ACCUM,135.46,135.99,133.89,135.91,7853343.0
2025-05-08,DEMO-ACCUM,133.77,135.92,133.12,135.28,3256449.0
2025-05-09,DEMO-ACCUM,136.47,137.17,134.53,136.2,8937380.0
2025-05-12,DEMO-ACCUM,139.02,139.35,138.14,138.67,5559378.0
2025-05-13,DEMO-ACCUM,140.49,141.9,138.55,140.12,5068028.0
2025-05-14,DEMO-ACCUM,140.51,142.31,139.0,140.41,5097815.0
2025-05-15,DEMO-ACCUM,144.21,145.22,142.54,144.66,6276373.0
2025-05-16,DEMO-ACCUM,145.77,147.09,145.06,146.21,5469465.0
2025-05-19,DEMO-ACCUM,145.41,147.07,142.92,145.78,3826958.0
2025-05-20,DEMO-ACCUM,147.57,148.82,145.55,147.47,7443165.0
2025-05-21,DEMO-ACCUM,147.88,149.72,145.85,148.54,4507345.0
2025-05-22,DEMO-ACCUM,144.89,147.56,143.42,147.11,3081783.0
2025-05-23,DEMO-ACCUM,146.51,148.64,145.97,147.51,6584216.0
2025-05-26,DEMO-ACCUM,146.3,148.82,145.13,147.45,4769272.0
2025-05-27,DEMO-ACCUM,144.24,145.08,142.27,143.84,5258200.0
2025-05-28,DEMO-ACCUM,142.35,144.33,141.38,143.77,3059478.0
2025-05-29,DEMO-ACCUM,142.66,144.87,141.95,143.49,5241681.0
2025-05-30,DEMO-ACCUM,142.42,144.36,141.39,142.9,4512267.0
2025-06-02,DEMO-ACCUM,140.17,141.99,138.26,140.02,6214829.0
2025-06-03,DEMO-ACCUM,139.86,141.2,138.2,139.61,2927716.0
2025-06-04,DEMO-ACCUM,139.72,140.48,137.69,139.79,5702810.0
2025-06-05,DEMO-ACCUM,139.45,140.23,137.51,140.23,5037990.0
2025-06-06,DEMO-ACCUM,139.13,139.82,136.69,138.35,2688149.0
2025-06-09,DEMO-ACCUM,139.56,140.17,137.91,139.77,4516227.0
2025-06-10,DEMO-ACCUM,137.13,138.46,135.95,137.75,5301874.0
2025-06-11,DEMO-ACCUM,136.94,138.96,136.13,137.59,3557486.0
2025-06-12,DEMO-ACCUM,140.57,141.14,138.64,140.23,4507531.0
2025-06-13,DEMO-ACCUM,138.32,140.19,137.38,139.19,4969700.0
2025-06-16,DEMO-ACCUM,138.48,139.52,137.08,138.49,5121839.0
2025-06-17,DEMO-ACCUM,138.04,140.86,136.47,140.73,6910866.0
2025-06-18,DEMO-ACCUM,141.41,142.61,138.73,140.26,3283372.0
2025-06-19,DEMO-ACCUM,138.6,140.8,137.57,139.95,3942410.0
2025-06-20,DEMO-ACCUM,139.82,141.4,138.51,140.62,6987087.0
2025-06-23,DEMO-ACCUM,141.64,144.71,140.12,142.84,4583168.0
2025-06-24,DEMO-ACCUM,138.94,139.82,136.7,138.89,3316671.0
2025-06-25,DEMO-ACCUM,136.94,138.14,135.34,137.61,4920216.0
2025-06-26,DEMO-ACCUM,135.63,136.91,133.86,136.0,5911393.0
2025-06-27,DEMO-ACCUM,133.21,135.05,132.05,134.28,2998990.0
2025-06-30,DEMO-ACCUM,131.2,133.8,130.05,132.99,2089453.0
2025-07-01,DEMO-ACCUM,132.66,133.44,130.71,131.74,2783517.0
2025-07-02,DEMO-ACCUM,131.48,132.92,128.71,132.5,4192452.0
2025-07-03,DEMO-ACCUM,130.41,131.17,129.05,131.17,3864666.0
2025-07-04,DEMO-ACCUM,131.53,132.18,128.96,131.62,6298813.0
2025-07-07,DEMO-ACCUM,131.95,132.91,130.84,132.56,5205801.0
2025-07-08,DEMO-ACCUM,130.87,133.63,129.65,131.51,3357543.0
2025-07-09,DEMO-ACCUM,131.74,132.83,130.31,131.98,5611070.0
2025-07-10,DEMO-ACCUM,134.58,136.32,133.55,135.09,4245803.0
2025-07-11,DEMO-ACCUM,135.62,137.34,133.86,135.92,5337028.0
2025-07-14,DEMO-ACCUM,133.72,135.65,131.96,135.01,3407239.0
2025-07-15,DEMO-ACCUM,135.09,136.03,134.0,135.13,10553787.0
2025-07-16,DEMO-ACCUM,133.96,134.59,132.05,133.73,4906158.0
2025-07-17,DEMO-ACCUM,134.98,135.56,133.73,134.45,4382614.0
2025-07-18,DEMO-ACCUM,135.63,137.24,134.31,136.24,4208749.0
2025-07-21,DEMO-ACCUM,134.99,135.84,133.1,135.0,3584969.0
2025-07-22,DEMO-ACCUM,135.23,135.95,133.39,134.86,2651368.0
2025-07-23,DEMO-ACCUM,137.32,138.11,135.75,137.1,4498641.0
2025-07-24,DEMO-ACCUM,135.33,136.54,133.97,136.44,3325891.0
2025-07-25,DEMO-ACCUM,137.59,138.19,135.87,137.03,6735421.0
2025-07-28,DEMO-ACCUM,135.32,136.93,133.75,135.41,3595361.0
2025-07-29,DEMO-ACCUM,133.05,135.88,132.03,134.18,3282673.0
2025-07-30,DEMO-ACCUM,132.8,133.71,132.28,133.51,2861019.0
2025-07-31,DEMO-ACCUM,136.42,137.54,134.76,137.53,4023851.0
2025-08-01,DEMO-ACCUM,136.27,137.73,135.18,137.04,3934191.0
2025-08-04,DEMO-ACCUM,135.97,137.71,134.52,136.35,3790554.0
2025-08-05,DEMO-ACCUM,135.22,136.42,134.27,135.59,5311410.0
2025-08-06,DEMO-ACCUM,134.12,135.98,133.27,135.55,3417850.0
2025-08-07,DEMO-ACCUM,136.34,137.91,135.8,136.95,7037092.0
2025-08-08,DEMO-ACCUM,135.28,137.87,134.51,137.53,5758520.0
2025-08-11,DEMO-ACCUM,140.59,141.78,138.77,141.46,5393745.0
2025-08-12,DEMO-ACCUM,141.26,142.98,140.15,142.1,3268473.0
2025-08-13,DEMO-ACCUM,144.04,145.77,142.47,145.03,3911357.0
2025-08-14,DEMO-ACCUM,145.73,146.41,143.56,145.82,6499701.0
2025-08-15,DEMO-ACCUM,146.6,147.39,145.52,147.23,7658789.0
2025-08-18,DEMO-ACCUM,145.3,146.38,142.92,144.73,4211869.0
2025-08-19,DEMO-ACCUM,144.11,145.21,141.98,144.75,6534075.0
2025-08-20,DEMO-ACCUM,145.31,145.97,143.07,144.88,4876698.0
2025-08-21,DEMO-ACCUM,143.47,146.32,142.57,144.68,3645365.0
2025-08-22,DEMO-ACCUM,139.88,142.06,138.24,140.9,3389064.0
2025-08-25,DEMO-ACCUM,143.03,143.52,141.36,142.76,6890018.0
2025-08-26,DEMO-ACCUM,142.17,143.42,141.03,142.3,4357915.0
2025-08-27,DEMO-ACCUM,143.09,144.03,139.95,141.75,3772553.0
2025-08-28,DEMO-ACCUM,140.62,143.37,139.38,141.53,3684727.0
2025-08-29,DEMO-ACCUM,139.78,141.61,139.21,141.37,4597077.0
2025-09-01,DEMO-ACCUM,141.87,142.42,140.34,142.37,5854308.0
2025-09-02,DEMO-ACCUM,139.46,140.82,138.37,140.27,3248794.0
2025-09-03,DEMO-ACCUM,137.94,139.19,136.66,138.83,6142862.0
2025-09-04,DEMO-ACCUM,139.88,140.3,138.55,139.6,5758380.0
2025-09-05,DEMO-ACCUM,139.13,141.09,138.15,140.12,5414165.0
2025-09-08,DEMO-ACCUM,139.8,140.23,138.26,139.68,5787010.0
2025-09-09,DEMO-ACCUM,138.73,139.86,137.85,138.89,5167033.0
2025-09-10,DEMO-ACCUM,136.99,139.28,135.77,137.64,3912993.0
2025-09-11,DEMO-ACCUM,136.94,138.51,136.13,137.78,6174298.0
2025-09-12,DEMO-ACCUM,139.8,141.2,138.33,140.14,4132590.0
2025-09-15,DEMO-ACCUM,138.33,140.07,136.73,138.47,3407857.0
2025-09-16,DEMO-ACCUM,141.44,142.39,138.85,141.46,3068890.0
2025-09-17,DEMO-ACCUM,142.15,144.25,141.52,143.27,7326447.0
2025-09-18,DEMO-ACCUM,140.86,143.18,140.18,142.68,2488528.0
2025-09-19,DEMO-ACCUM,143.47,145.15,142.77,144.39,6402687.0
2025-09-22,DEMO-ACCUM,141.59,143.45,139.2,141.9,3249903.0
2025-09-23,DEMO-ACCUM,138.86,139.97,136.61,138.96,3131623.0
2025-09-24,DEMO-ACCUM,136.54,137.59,135.53,136.88,3809647.0
2025-09-25,DEMO-ACCUM,136.36,137.59,134.75,136.4,4275484.0
2025-09-26,DEMO-ACCUM,135.95,137.33,134.0,136.06,4661424.0
2025-09-29,DEMO-ACCUM,133.57,136.05,132.9,135.4,6228916.0
2025-09-30,DEMO-ACCUM,134.05,136.74,132.62,135.82,5906494.0
2025-10-01,DEMO-ACCUM,132.02,132.76,129.07,132.29,4985797.0
2025-10-02,DEMO-ACCUM,133.32,134.76,132.36,133.38,4649579.0
2025-10-03,DEMO-ACCUM,131.55,132.17,129.5,131.16,4781358.0
2025-10-06,DEMO-ACCUM,130.04,130.97,129.13,130.27,4156243.0
2025-10-07,DEMO-ACCUM,128.74,130.65,127.78,129.81,3562627.0
2025-10-08,DEMO-ACCUM,126.95,129.16,126.4,128.09,3905163.0
2025-10-09,DEMO-ACCUM,124.84,127.78,123.39,126.04,3938424.0
2025-10-10,DEMO-ACCUM,123.54,125.15,122.5,124.61,4195759.0
2025-10-13,DEMO-ACCUM,124.52,125.18,123.94,124.82,5969999.0
2025-10-14,DEMO-ACCUM,125.92,127.08,124.9,126.0,4754903.0
2025-10-15,DEMO-ACCUM,126.2,127.48,124.76,127.15,4487095.0
2025-10-16,DEMO-ACCUM,125.12,126.04,124.25,125.74,4821872.0
2025-10-17,DEMO-ACCUM,123.91,125.49,123.46,124.67,2617335.0
2025-10-20,DEMO-ACCUM,122.37,123.86,121.53,123.4,3427197.0
2025-10-21,DEMO-ACCUM,124.93,125.55,122.75,124.35,7960990.0
2025-10-22,DEMO-ACCUM,119.75,121.64,119.22,121.28,2032964.0
2025-10-23,DEMO-ACCUM,123.43,124.15,122.15,123.45,4540949.0
2025-10-24,DEMO-ACCUM,122.66,124.24,121.18,122.89,4750378.0
2025-10-27,DEMO-ACCUM,121.86,122.68,120.49,121.86,2647760.0
2025-10-28,DEMO-ACCUM,122.25,123.59,121.36,122.62,10339117.0
2025-10-29,DEMO-ACCUM,124.0,124.98,123.28,124.48,2827232.0
2025-10-30,DEMO-ACCUM,124.85,125.88,123.78,125.26,7733324.0
2025-10-31,DEMO-ACCUM,127.39,128.17,125.09,127.2,7970397.0
2025-11-03,DEMO-ACCUM,127.34,128.29,126.71,127.65,6790245.0
2025-11-04,DEMO-ACCUM,130.24,132.23,129.58,129.92,5108994.0
2025-11-05,DEMO-ACCUM,130.73,133.25,130.01,132.26,5904374.0
2025-11-06,DEMO-ACCUM,133.16,133.83,131.34,132.33,4314953.0
2025-11-07,DEMO-ACCUM,134.06,135.89,132.91,135.04,6610968.0
2025-11-10,DEMO-ACCUM,134.4,135.88,133.85,135.57,4081370.0
2025-11-11,DEMO-ACCUM,135.36,137.02,133.26,135.97,5042644.0
2025-11-12,DEMO-ACCUM,134.89,135.94,132.37,134.59,5131288.0
2025-11-13,DEMO-ACCUM,134.05,135.35,132.39,134.32,3027444.0
2025-11-14,DEMO-ACCUM,135.34,136.46,134.88,135.92,4929965.0
2025-11-17,DEMO-ACCUM,133.53,134.68,132.62,133.85,4167684.0
2025-11-18,DEMO-ACCUM,134.41,136.65,133.15,135.22,3861099.0
2025-11-19,DEMO-ACCUM,134.74,137.93,133.89,136.08,7224602.0
2025-11-20,DEMO-ACCUM,136.57,137.25,134.19,136.81,5880210.0
2025-11-21,DEMO-ACCUM,132.4,134.31,130.67,133.13,2738463.0
2025-11-24,DEMO-ACCUM,131.92,133.61,131.26,133.2,5336962.0
2025-11-25,DEMO-ACCUM,134.79,135.51,132.84,134.56,4448492.0
2025-11-26,DEMO-ACCUM,133.74,134.32,131.55,133.46,3393646.0
2025-11-27,DEMO-ACCUM,133.97,134.93,131.85,133.86,5504606.0
2025-11-28,DEMO-ACCUM,129.3,130.38,128.71,129.96,3349703.0
2025-12-01,DEMO-ACCUM,129.68,131.99,128.62,131.33,6872493.0
2025-12-02,DEMO-ACCUM,129.71,131.46,127.85,130.44,3353920.0
2025-12-03,DEMO-ACCUM,132.09,132.98,131.02,132.15,6902105.0
2025-12-04,DEMO-ACCUM,129.51,130.0,128.22,129.22,3956479.0
2025-12-05,DEMO-ACCUM,130.18,130.83,127.87,130.62,6688176.0
2025-12-08,DEMO-ACCUM,130.7,131.27,129.0,130.45,3493698.0
2025-12-09,DEMO-ACCUM,131.8,132.46,131.34,132.06,4759192.0
2025-12-10,DEMO-ACCUM,129.57,131.03,127.76,130.7,2998698.0
2025-12-11,DEMO-ACCUM,128.29,130.33,127.52,129.89,4621822.0
2025-12-12,DEMO-ACCUM,133.3,134.5,132.04,133.91,6826744.0
2025-12-15,DEMO-ACCUM,131.11,134.31,130.09,132.7,6794351.0
2025-12-16,DEMO-ACCUM,129.65,131.73,128.89,131.73,5523028.0
2025-12-17,DEMO-ACCUM,130.46,132.07,129.85,131.49,4257744.0
2025-12-18,DEMO-ACCUM,128.92,130.64,127.87,129.98,3794497.0
2025-12-19,DEMO-ACCUM,131.68,132.93,130.89,132.22,5951093.0
2025-12-22,DEMO-ACCUM,135.78,136.64,134.36,135.43,5362684.0
2025-12-23,DEMO-ACCUM,133.71,136.03,132.96,134.43,5767066.0
2025-12-24,DEMO-ACCUM,130.54,132.27,129.91,131.66,5064626.0
2025-12-25,DEMO-ACCUM,133.54,134.54,132.07,133.9,4380701.0
2025-12-26,DEMO-ACCUM,135.91,137.5,133.49,136.07,4547108.0
2025-12-29,DEMO-ACCUM,138.19,139.49,136.01,137.77,7600541.0
2025-12-30,DEMO-ACCUM,140.68,141.96,138.46,140.09,5832344.0
2025-12-31,DEMO-ACCUM,138.65,139.97,136.7,138.76,3774827.0
2026-01-01,DEMO-ACCUM,138.93,140.45,137.21,138.71,5381022.0
2026-01-02,DEMO-ACCUM,135.8,137.18,133.3,136.46,3630592.0
2026-01-05,DEMO-ACCUM,132.51,134.6,131.82,134.19,3729785.0
2026-01-06,DEMO-ACCUM,133.35,136.14,132.0,136.14,4811968.0
2026-01-07,DEMO-ACCUM,134.84,135.6,133.46,135.2,2449481.0
2026-01-08,DEMO-ACCUM,138.7,140.56,137.84,139.45,6702383.0
2026-01-09,DEMO-ACCUM,139.77,140.69,138.79,139.83,3991343.0
2026-01-12,DEMO-ACCUM,139.43,141.13,138.49,138.92,3469884.0
2026-01-13,DEMO-ACCUM,140.18,141.96,138.66,140.61,4483621.0
2026-01-14,DEMO-ACCUM,144.35,145.57,141.49,144.16,6476282.0
2026-01-15,DEMO-ACCUM,144.75,145.77,143.25,145.33,5308202.0
2026-01-16,DEMO-ACCUM,142.38,143.97,140.99,143.29,4015446.0
2026-01-19,DEMO-ACCUM,143.14,144.87,142.14,144.24,3548532.0
2026-01-20,DEMO-ACCUM,147.01,147.8,145.3,147.08,5283241.0
2026-01-21,DEMO-ACCUM,146.0,146.87,144.73,146.4,2765471.0
2026-01-22,DEMO-ACCUM,143.86,145.51,142.44,145.19,4319301.0
2026-01-23,DEMO-ACCUM,147.72,148.2,146.47,147.37,5918480.0
2026-01-26,DEMO-ACCUM,147.92,149.13,145.97,147.9,5376564.0
2026-01-27,DEMO-ACCUM,147.02,147.66,144.61,146.05,6666402.0
2026-01-28,DEMO-ACCUM,144.77,145.79,143.26,145.59,4564124.0
2026-01-29,DEMO-ACCUM,144.12,144.71,142.46,144.42,4642488.0
2026-01-30,DEMO-ACCUM,144.72,145.65,143.67,145.24,5595579.0
2026-02-02,DEMO-ACCUM,146.27,147.93,143.48,145.71,5145947.0
2026-02-03,DEMO-ACCUM,148.15,148.75,146.7,148.15,6874910.0
2026-02-04,DEMO-ACCUM,148.09,151.32,146.99,149.78,7111842.0
2026-02-05,DEMO-ACCUM,146.28,148.09,144.57,147.01,2889271.0
2026-02-06,DEMO-ACCUM,147.8,149.03,146.23,148.05,7028838.0
2026-02-09,DEMO-ACCUM,148.88,150.58,148.36,150.04,6140184.0
2026-02-10,DEMO-ACCUM,151.41,152.71,148.74,151.2,6865947.0
2026-02-11,DEMO-ACCUM,152.68,154.38,149.8,153.5,6067482.0
2026-02-12,DEMO-ACCUM,152.79,153.37,150.94,152.68,2930658.0
2026-02-13,DEMO-ACCUM,150.45,152.13,149.22,151.07,2983405.0
2026-02-16,DEMO-ACCUM,152.43,154.52,150.5,153.17,8521110.0
2026-02-17,DEMO-ACCUM,151.77,152.64,149.23,151.32,4260559.0
2026-02-18,DEMO-ACCUM,145.71,148.25,143.66,147.34,2806619.0
2026-02-19,DEMO-ACCUM,149.74,150.54,147.87,149.57,5891036.0
2026-02-20,DEMO-ACCUM,147.48,149.4,145.9,148.43,3653784.0
2026-02-23,DEMO-ACCUM,147.65,148.91,146.8,148.11,2522980.0
2026-02-24,DEMO-ACCUM,145.27,148.19,143.57,145.69,2256347.0
2026-02-25,DEMO-ACCUM,148.96,150.67,148.12,150.2,15800498.0
2025-01-02,DEMO-DISTRIB,100.2,101.69,99.68,100.26,3657165.0
2025-01-03,DEMO-DISTRIB,100.13,100.54,98.98,100.04,6003280.0
2025-01-06,DEMO-DISTRIB,100.23,100.77,99.05,99.51,7446463.0
2025-01-07,DEMO-DISTRIB,99.99,101.51,99.48,99.79,6086752.0
2025-01-08,DEMO-DISTRIB,100.9,101.76,99.97,100.54,3593915.0
2025-01-09,DEMO-DISTRIB,96.65,98.69,95.66,97.22,7256329.0
2025-01-10,DEMO-DISTRIB,97.76,98.81,95.71,96.63,6390961.0
2025-01-13,DEMO-DISTRIB,95.61,96.72,94.28,95.29,7907887.0
2025-01-14,DEMO-DISTRIB,94.1,94.48,92.82,93.38,8494028.0
2025-01-15,DEMO-DISTRIB,93.27,94.06,91.9,92.47,5506521.0
2025-01-16,DEMO-DISTRIB,91.19,92.54,90.71,92.16,4176031.0
2025-01-17,DEMO-DISTRIB,91.94,93.67,90.67,91.66,6624127.0
2025-01-20,DEMO-DISTRIB,90.23,91.28,88.97,89.52,9355036.0
2025-01-21,DEMO-DISTRIB,89.93,90.54,88.15,88.74,7121761.0
2025-01-22,DEMO-DISTRIB,91.38,92.52,90.54,91.29,4766528.0
2025-01-23,DEMO-DISTRIB,89.63,90.37,89.3,89.71,10935571.0
2025-01-24,DEMO-DISTRIB,87.19,88.26,86.56,87.3,4626280.0
2025-01-27,DEMO-DISTRIB,87.54,88.53,87.01,87.53,5639667.0
2025-01-28,DEMO-DISTRIB,88.62,90.25,87.94,88.18,3901917.0
2025-01-29,DEMO-DISTRIB,88.68,89.97,87.79,88.66,4556187.0
2025-01-30,DEMO-DISTRIB,87.17,88.26,86.59,87.04,6135983.0
2025-01-31,DEMO-DISTRIB,88.65,89.6,87.69,88.22,6571463.0
2025-02-03,DEMO-DISTRIB,88.9,89.67,86.76,87.04,4748155.0
2025-02-04,DEMO-DISTRIB,86.27,86.63,85.07,85.43,5248737.0
2025-02-05,DEMO-DISTRIB,84.66,85.76,84.19,84.52,4029013.0
2025-02-06,DEMO-DISTRIB,84.69,85.57,83.66,84.26,6777168.0
2025-02-07,DEMO-DISTRIB,85.88,86.55,84.86,85.03,4012921.0
2025-02-10,DEMO-DISTRIB,85.64,86.94,85.1,85.7,5000656.0
2025-02-11,DEMO-DISTRIB,85.97,87.08,84.76,85.55,4587995.0
2025-02-12,DEMO-DISTRIB,87.11,89.14,86.16,86.61,4113324.0
2025-02-13,DEMO-DISTRIB,86.81,87.48,86.33,86.59,7779497.0
2025-02-14,DEMO-DISTRIB,88.05,89.32,87.22,87.62,4308103.0
2025-02-17,DEMO-DISTRIB,86.13,86.78,84.7,85.65,7015832.0
2025-02-18,DEMO-DISTRIB,84.16,85.46,83.5,83.5,6847209.0
2025-02-19,DEMO-DISTRIB,84.84,85.75,83.82,84.34,4119716.0
2025-02-20,DEMO-DISTRIB,83.33,84.14,82.33,82.46,4062599.0
2025-02-21,DEMO-DISTRIB,82.31,83.79,81.33,81.96,7676084.0
2025-02-24,DEMO-DISTRIB,82.26,82.68,80.94,81.72,6261604.0
2025-02-25,DEMO-DISTRIB,81.32,82.45,80.57,81.0,7672017.0
2025-02-26,DEMO-DISTRIB,80.43,81.6,79.67,80.32,3627658.0
2025-02-27,DEMO-DISTRIB,82.73,83.51,81.49,81.88,2975539.0
2025-02-28,DEMO-DISTRIB,78.44,79.36,77.55,78.65,3511620.0
2025-03-03,DEMO-DISTRIB,80.0,80.87,78.49,79.58,3614191.0
2025-03-04,DEMO-DISTRIB,81.81,83.2,81.23,82.2,5839031.0
2025-03-05,DEMO-DISTRIB,82.45,83.91,81.85,82.1,6911989.0
2025-03-06,DEMO-DISTRIB,82.9,83.6,81.66,81.96,5948987.0
2025-03-07,DEMO-DISTRIB,82.65,83.5,82.01,82.73,4650094.0
2025-03-10,DEMO-DISTRIB,85.56,86.02,84.4,84.87,5442696.0
2025-03-11,DEMO-DISTRIB,83.32,84.29,82.82,83.23,5563469.0
2025-03-12,DEMO-DISTRIB,83.16,84.54,82.44,83.22,6624512.0
2025-03-13,DEMO-DISTRIB,83.82,84.28,82.64,82.86,6213648.0
2025-03-14,DEMO-DISTRIB,83.4,84.26,82.79,83.43,2604698.0
2025-03-17,DEMO-DISTRIB,83.38,84.94,82.82,83.5,4087241.0
2025-03-18,DEMO-DISTRIB,84.07,85.6,83.31,84.21,6320299.0
2025-03-19,DEMO-DISTRIB,84.04,84.42,83.3,83.55,5434646.0
2025-03-20,DEMO-DISTRIB,83.38,85.2,82.35,83.48,5789160.0
2025-03-21,DEMO-DISTRIB,83.16,84.09,82.09,82.52,5155391.0
2025-03-24,DEMO-DISTRIB,82.03,82.6,80.69,81.57,5315364.0
2025-03-25,DEMO-DISTRIB,81.47,82.54,80.07,81.28,7946746.0
2025-03-26,DEMO-DISTRIB,81.37,82.06,80.08,80.98,5611051.0
2025-03-27,DEMO-DISTRIB,80.06,80.41,78.79,79.44,4647234.0
2025-03-28,DEMO-DISTRIB,81.08,82.95,79.93,81.19,2067286.0
2025-03-31,DEMO-DISTRIB,81.93,82.32,80.9,80.9,5199610.0
2025-04-01,DEMO-DISTRIB,79.26,80.13,78.28,79.1,3669499.0
2025-04-02,DEMO-DISTRIB,80.39,81.97,79.64,80.29,2852341.0
2025-04-03,DEMO-DISTRIB,79.19,80.2,78.8,79.27,7319588.0
2025-04-04,DEMO-DISTRIB,79.98,81.1,79.24,79.75,5372247.0
2025-04-07,DEMO-DISTRIB,79.97,81.47,79.38,79.61,3715288.0
2025-04-08,DEMO-DISTRIB,81.09,82.12,79.06,79.79,5567506.0
2025-04-09,DEMO-DISTRIB,80.05,80.74,79.25,79.88,5047621.0
2025-04-10,DEMO-DISTRIB,78.49,79.95,78.07,79.07,4932605.0
2025-04-11,DEMO-DISTRIB,80.1,80.71,78.5,79.0,7209176.0
2025-04-14,DEMO-DISTRIB,82.03,82.91,80.92,81.29,2996415.0
2025-04-15,DEMO-DISTRIB,78.34,79.05,77.73,78.44,4439990.0
2025-04-16,DEMO-DISTRIB,78.6,80.08,78.01,78.4,4186384.0
2025-04-17,DEMO-DISTRIB,78.5,79.51,77.57,78.79,3408259.0
2025-04-18,DEMO-DISTRIB,78.3,78.82,76.75,77.43,7474010.0
2025-04-21,DEMO-DISTRIB,76.57,77.62,75.29,75.72,4298870.0
2025-04-22,DEMO-DISTRIB,78.08,79.31,76.96,78.06,3374519.0
2025-04-23,DEMO-DISTRIB,77.49,78.38,76.33,77.51,4729573.0
2025-04-24,DEMO-DISTRIB,80.69,81.66,79.59,79.81,4725358.0
2025-04-25,DEMO-DISTRIB,80.36,80.96,79.56,80.33,4133621.0
2025-04-28,DEMO-DISTRIB,80.38,81.65,79.79,80.3,7443524.0
2025-04-29,DEMO-DISTRIB,80.24,81.69,79.65,80.76,3766843.0
2025-04-30,DEMO-DISTRIB,81.31,82.7,80.94,81.4,3259978.0
2025-05-01,DEMO-DISTRIB,83.98,84.59,82.55,82.72,3967125.0
2025-05-02,DEMO-DISTRIB,82.83,84.1,82.51,83.14,4539384.0
2025-05-05,DEMO-DISTRIB,82.9,84.69,81.93,83.2,3562813.0
2025-05-06,DEMO-DISTRIB,83.03,84.41,81.34,83.29,4819042.0
2025-05-07,DEMO-DISTRIB,84.71,85.63,83.79,84.85,7077457.0
2025-05-08,DEMO-DISTRIB,86.48,87.07,84.81,85.77,3884604.0
2025-05-09,DEMO-DISTRIB,84.43,85.71,83.81,84.35,6054683.0
2025-05-12,DEMO-DISTRIB,83.49,85.42,82.78,83.42,8394573.0
2025-05-13,DEMO-DISTRIB,83.75,85.32,83.09,83.71,3817617.0
2025-05-14,DEMO-DISTRIB,83.41,84.43,82.4,82.8,4841598.0
2025-05-15,DEMO-DISTRIB,82.39,83.55,81.69,82.21,4551089.0
2025-05-16,DEMO-DISTRIB,81.85,82.91,80.91,80.91,6606675.0
2025-05-19,DEMO-DISTRIB,80.85,81.41,79.96,80.47,6800268.0
2025-05-20,DEMO-DISTRIB,81.03,82.41,80.14,80.86,4320114.0
2025-05-21,DEMO-DISTRIB,81.77,82.42,80.8,81.94,4530007.0
2025-05-22,DEMO-DISTRIB,81.34,83.09,80.87,81.83,8215593.0
2025-05-23,DEMO-DISTRIB,84.84,85.83,83.74,84.26,5564959.0
2025-05-26,DEMO-DISTRIB,84.91,85.56,82.99,84.03,4206797.0
2025-05-27,DEMO-DISTRIB,89.24,89.75,87.65,87.93,4466938.0
2025-05-28,DEMO-DISTRIB,89.96,91.19,88.5,89.12,4595695.0
2025-05-29,DEMO-DISTRIB,90.89,91.24,89.59,89.65,5357866.0
2025-05-30,DEMO-DISTRIB,88.37,89.99,87.53,88.85,5641470.0
2025-06-02,DEMO-DISTRIB,84.89,86.09,84.16,84.95,5075420.0
2025-06-03,DEMO-DISTRIB,85.32,86.45,84.32,84.62,5317508.0
2025-06-04,DEMO-DISTRIB,85.13,86.15,84.08,84.72,2866568.0
2025-06-05,DEMO-DISTRIB,87.63,88.42,85.85,87.04,4441708.0
2025-06-06,DEMO-DISTRIB,85.18,85.72,84.71,85.11,5133321.0
2025-06-09,DEMO-DISTRIB,87.08,88.82,86.56,87.41,5021159.0
2025-06-10,DEMO-DISTRIB,87.51,88.01,86.7,86.95,4608704.0
2025-06-11,DEMO-DISTRIB,88.07,89.89,87.15,87.77,4005323.0
2025-06-12,DEMO-DISTRIB,84.7,84.97,83.95,84.29,4662024.0
2025-06-13,DEMO-DISTRIB,84.14,85.16,83.65,84.34,3420193.0
2025-06-16,DEMO-DISTRIB,83.99,84.72,83.55,83.78,7089309.0
2025-06-17,DEMO-DISTRIB,84.88,86.94,84.08,84.51,3973012.0
2025-06-18,DEMO-DISTRIB,84.35,85.2,83.82,84.5,6647882.0
2025-06-19,DEMO-DISTRIB,83.7,84.6,82.56,82.92,4496294.0
2025-06-20,DEMO-DISTRIB,83.77,84.88,83.14,83.98,4569736.0
2025-06-23,DEMO-DISTRIB,84.58,85.45,84.33,84.73,2923392.0
2025-06-24,DEMO-DISTRIB,85.55,86.39,84.51,85.36,3956039.0
2025-06-25,DEMO-DISTRIB,86.67,87.53,85.11,86.52,3931233.0
2025-06-26,DEMO-DISTRIB,87.5,88.98,86.97,87.82,5155501.0
2025-06-27,DEMO-DISTRIB,87.71,89.13,86.53,87.66,6214605.0
2025-06-30,DEMO-DISTRIB,85.85,87.27,85.4,85.74,5685983.0
2025-07-01,DEMO-DISTRIB,83.82,85.42,83.4,83.83,7322576.0
2025-07-02,DEMO-DISTRIB,85.42,86.49,84.63,85.41,4671935.0
2025-07-03,DEMO-DISTRIB,85.79,87.2,84.95,86.19,5093966.0
2025-07-04,DEMO-DISTRIB,86.79,87.63,84.58,86.19,5392911.0
2025-07-07,DEMO-DISTRIB,84.47,86.24,84.01,85.5,5838861.0
2025-07-08,DEMO-DISTRIB,85.89,86.77,84.62,85.41,5516173.0
2025-07-09,DEMO-DISTRIB,85.82,86.44,84.71,85.32,6440832.0
2025-07-10,DEMO-DISTRIB,84.72,85.63,83.98,84.76,5347910.0
2025-07-11,DEMO-DISTRIB,84.23,85.6,82.85,83.74,6537829.0
2025-07-14,DEMO-DISTRIB,86.39,87.36,85.87,86.33,5869470.0
2025-07-15,DEMO-DISTRIB,86.8,87.84,86.24,86.5,5508856.0
2025-07-16,DEMO-DISTRIB,85.11,86.65,84.64,85.58,5394134.0
2025-07-17,DEMO-DISTRIB,84.83,85.29,83.5,83.78,4304440.0
2025-07-18,DEMO-DISTRIB,82.22,84.53,81.57,82.75,5850476.0
2025-07-21,DEMO-DISTRIB,83.66,84.25,83.43,83.52,4311798.0
2025-07-22,DEMO-DISTRIB,84.67,85.48,83.27,84.34,5863642.0
2025-07-23,DEMO-DISTRIB,84.67,85.92,83.54,83.94,5391101.0
2025-07-24,DEMO-DISTRIB,83.96,84.68,83.23,83.88,5629810.0
2025-07-25,DEMO-DISTRIB,83.86,84.91,83.23,83.37,7126064.0
2025-07-28,DEMO-DISTRIB,81.95,83.48,81.3,81.86,5264606.0
2025-07-29,DEMO-DISTRIB,83.85,84.75,81.93,83.33,4274602.0
2025-07-30,DEMO-DISTRIB,83.79,84.91,83.37,83.67,6822191.0
2025-07-31,DEMO-DISTRIB,86.72,87.5,86.24,86.66,6450734.0
2025-08-01,DEMO-DISTRIB,86.57,87.46,84.91,85.54,6939140.0
2025-08-04,DEMO-DISTRIB,86.31,88.06,85.24,85.24,6340972.0
2025-08-05,DEMO-DISTRIB,87.01,87.44,85.54,86.24,3492163.0
2025-08-06,DEMO-DISTRIB,85.72,86.36,85.44,85.79,6816402.0
2025-08-07,DEMO-DISTRIB,84.87,86.2,83.46,83.88,6016223.0
2025-08-08,DEMO-DISTRIB,82.78,83.68,81.79,82.56,6265393.0
2025-08-11,DEMO-DISTRIB,83.32,84.59,82.05,82.56,3907558.0
2025-08-12,DEMO-DISTRIB,83.83,84.49,82.53,82.86,4433915.0
2025-08-13,DEMO-DISTRIB,82.45,83.84,82.04,82.62,5663161.0
2025-08-14,DEMO-DISTRIB,84.29,85.13,83.35,83.74,4811429.0
2025-08-15,DEMO-DISTRIB,84.89,85.8,83.01,84.86,6350659.0
2025-08-18,DEMO-DISTRIB,85.54,87.68,84.9,85.14,4866990.0
2025-08-19,DEMO-DISTRIB,85.14,85.59,84.64,85.05,3920531.0
2025-08-20,DEMO-DISTRIB,84.59,85.43,83.87,84.6,4654447.0
2025-08-21,DEMO-DISTRIB,86.41,88.06,85.1,85.17,2995280.0
2025-08-22,DEMO-DISTRIB,87.09,87.99,86.11,86.22,3648287.0
2025-08-25,DEMO-DISTRIB,86.4,86.98,85.62,86.17,6816457.0
2025-08-26,DEMO-DISTRIB,87.4,88.19,86.11,86.62,4914571.0
2025-08-27,DEMO-DISTRIB,86.8,87.32,85.31,86.07,5105815.0
2025-08-28,DEMO-DISTRIB,84.32,85.12,83.15,84.12,6336452.0
2025-08-29,DEMO-DISTRIB,83.66,84.01,82.27,82.73,4908471.0
2025-09-01,DEMO-DISTRIB,84.37,85.11,83.26,83.56,3119593.0
2025-09-02,DEMO-DISTRIB,84.64,85.78,83.99,83.99,3130752.0
2025-09-03,DEMO-DISTRIB,85.73,87.32,85.08,85.87,3588614.0
2025-09-04,DEMO-DISTRIB,85.91,87.16,85.51,85.81,8449975.0
2025-09-05,DEMO-DISTRIB,86.78,88.02,86.09,86.8,3181958.0
2025-09-08,DEMO-DISTRIB,88.22,89.71,87.66,88.39,6062810.0
2025-09-09,DEMO-DISTRIB,90.99,92.1,89.25,89.57,6191725.0
2025-09-10,DEMO-DISTRIB,88.7,89.6,87.28,88.62,5664063.0
2025-09-11,DEMO-DISTRIB,88.42,89.31,87.25,88.24,5854859.0
2025-09-12,DEMO-DISTRIB,88.24,89.61,87.21,88.28,3814549.0
2025-09-15,DEMO-DISTRIB,87.62,88.81,86.52,86.84,5889889.0
2025-09-16,DEMO-DISTRIB,87.59,89.31,86.64,87.33,5237732.0
2025-09-17,DEMO-DISTRIB,89.77,90.37,87.97,88.54,4454249.0
2025-09-18,DEMO-DISTRIB,87.62,90.04,86.98,87.77,7598687.0
2025-09-19,DEMO-DISTRIB,90.93,92.69,89.8,90.24,5974562.0
2025-09-22,DEMO-DISTRIB,90.05,91.02,88.89,89.71,6454651.0
2025-09-23,DEMO-DISTRIB,89.21,90.54,88.62,89.3,6428148.0
2025-09-24,DEMO-DISTRIB,89.73,90.47,87.87,88.85,5833858.0
2025-09-25,DEMO-DISTRIB,88.35,89.57,87.19,87.77,6458428.0
2025-09-26,DEMO-DISTRIB,88.0,89.19,87.13,88.19,3364403.0
2025-09-29,DEMO-DISTRIB,87.94,88.95,87.62,88.08,6554080.0
2025-09-30,DEMO-DISTRIB,90.58,91.32,90.15,90.15,4675908.0
2025-10-01,DEMO-DISTRIB,91.61,92.67,90.3,90.83,3582493.0
2025-10-02,DEMO-DISTRIB,91.58,93.23,90.61,91.43,7599424.0
2025-10-03,DEMO-DISTRIB,90.36,92.39,89.77,90.99,4647535.0
2025-10-06,DEMO-DISTRIB,89.32,89.97,88.52,88.92,4768414.0
2025-10-07,DEMO-DISTRIB,88.94,90.59,87.91,88.67,6348531.0
2025-10-08,DEMO-DISTRIB,88.29,88.82,87.0,87.4,3652434.0
2025-10-09,DEMO-DISTRIB,88.98,89.87,87.54,88.52,3645715.0
2025-10-10,DEMO-DISTRIB,89.24,90.1,87.76,88.35,4048230.0
2025-10-13,DEMO-DISTRIB,91.3,91.76,90.02,90.42,3489697.0
2025-10-14,DEMO-DISTRIB,92.17,92.76,90.89,91.28,4296507.0
2025-10-15,DEMO-DISTRIB,92.28,92.93,91.86,92.29,4809365.0
2025-10-16,DEMO-DISTRIB,92.99,93.77,92.06,92.47,5848884.0
2025-10-17,DEMO-DISTRIB,92.97,93.76,92.54,92.62,5429981.0
2025-10-20,DEMO-DISTRIB,93.16,94.85,92.36,93.39,5967617.0
2025-10-21,DEMO-DISTRIB,94.79,96.35,94.05,94.54,5142616.0
2025-10-22,DEMO-DISTRIB,93.1,95.12,92.37,93.39,5267298.0
2025-10-23,DEMO-DISTRIB,93.86,95.48,93.02,93.94,5864870.0
2025-10-24,DEMO-DISTRIB,97.17,98.48,96.51,97.5,3930698.0
2025-10-27,DEMO-DISTRIB,97.54,98.55,96.01,97.22,5078531.0
2025-10-28,DEMO-DISTRIB,96.95,98.31,96.21,96.7,8670435.0
2025-10-29,DEMO-DISTRIB,95.37,97.41,94.77,95.55,7206011.0
2025-10-30,DEMO-DISTRIB,94.12,95.44,93.03,93.33,6252298.0
2025-10-31,DEMO-DISTRIB,94.43,95.59,93.88,94.86,5356116.0
2025-11-03,DEMO-DISTRIB,95.32,96.2,93.92,94.8,7370583.0
2025-11-04,DEMO-DISTRIB,94.63,96.17,93.86,95.08,3159015.0
2025-11-05,DEMO-DISTRIB,98.14,99.15,96.98,97.57,4336075.0
2025-11-06,DEMO-DISTRIB,101.97,104.03,101.06,101.1,3306869.0
2025-11-07,DEMO-DISTRIB,99.39,101.14,97.72,99.6,6101572.0
2025-11-10,DEMO-DISTRIB,101.88,102.49,100.29,101.03,3753961.0
2025-11-11,DEMO-DISTRIB,101.91,103.29,101.06,101.82,6231074.0
2025-11-12,DEMO-DISTRIB,102.48,103.0,101.92,102.28,5052052.0
2025-11-13,DEMO-DISTRIB,102.97,104.25,101.86,102.86,3624009.0
2025-11-14,DEMO-DISTRIB,102.33,103.99,101.79,102.67,5890508.0
2025-11-17,DEMO-DISTRIB,105.12,106.03,104.88,104.97,3279647.0
2025-11-18,DEMO-DISTRIB,106.39,107.19,104.47,105.78,4483365.0
2025-11-19,DEMO-DISTRIB,106.65,108.4,105.47,106.17,5087869.0
2025-11-20,DEMO-DISTRIB,108.77,109.59,107.48,108.01,4739488.0
2025-11-21,DEMO-DISTRIB,108.99,110.3,107.92,109.3,2740711.0
2025-11-24,DEMO-DISTRIB,110.38,110.98,108.98,109.89,4081208.0
2025-11-25,DEMO-DISTRIB,110.42,112.58,109.42,110.27,5038831.0
2025-11-26,DEMO-DISTRIB,113.77,114.63,112.95,113.02,4789812.0
2025-11-27,DEMO-DISTRIB,114.18,115.36,112.85,113.72,5927427.0
2025-11-28,DEMO-DISTRIB,114.51,115.82,111.77,113.4,4291374.0
2025-12-01,DEMO-DISTRIB,111.53,113.65,110.94,111.77,6742850.0
2025-12-02,DEMO-DISTRIB,111.88,113.61,110.64,111.03,5028062.0
2025-12-03,DEMO-DISTRIB,109.84,111.14,108.62,109.12,6211162.0
2025-12-04,DEMO-DISTRIB,109.92,110.75,108.9,109.14,4909824.0
2025-12-05,DEMO-DISTRIB,109.23,111.09,108.48,109.4,5267153.0
2025-12-08,DEMO-DISTRIB,106.11,107.44,104.64,105.88,5121258.0
2025-12-09,DEMO-DISTRIB,106.02,106.75,104.86,105.75,6194877.0
2025-12-10,DEMO-DISTRIB,107.82,108.82,106.04,106.63,3313234.0
2025-12-11,DEMO-DISTRIB,106.67,108.9,105.54,106.74,3118437.0
2025-12-12,DEMO-DISTRIB,105.25,106.96,103.77,105.05,6795239.0
2025-12-15,DEMO-DISTRIB,107.11,108.07,106.52,106.9,4376183.0
2025-12-16,DEMO-DISTRIB,105.89,106.97,105.06,105.63,3946816.0
2025-12-17,DEMO-DISTRIB,103.2,104.06,102.58,103.53,4782579.0
2025-12-18,DEMO-DISTRIB,102.99,103.71,100.61,101.7,5942440.0
2025-12-19,DEMO-DISTRIB,100.84,103.06,100.26,101.53,8723003.0
2025-12-22,DEMO-DISTRIB,104.37,105.04,102.13,102.87,5758892.0
2025-12-23,DEMO-DISTRIB,104.31,105.84,103.88,104.52,5414514.0
2025-12-24,DEMO-DISTRIB,105.03,106.37,104.59,104.7,2839027.0
2025-12-25,DEMO-DISTRIB,102.69,104.39,101.88,102.67,5771661.0
2025-12-26,DEMO-DISTRIB,101.19,102.76,100.26,101.51,6662388.0
2025-12-29,DEMO-DISTRIB,100.14,100.68,98.79,99.99,6525050.0
2025-12-30,DEMO-DISTRIB,100.08,100.82,98.34,99.58,6561231.0
2025-12-31,DEMO-DISTRIB,97.69,98.34,95.64,96.78,5578581.0
2026-01-01,DEMO-DISTRIB,97.06,98.45,95.99,96.8,6881318.0
2026-01-02,DEMO-DISTRIB,97.56,98.93,97.19,97.59,6413819.0
2026-01-05,DEMO-DISTRIB,97.54,98.0,96.9,97.23,5776230.0
2026-01-06,DEMO-DISTRIB,98.48,99.05,96.85,97.76,3471714.0
2026-01-07,DEMO-DISTRIB,96.39,98.15,95.75,96.24,9879010.0
2026-01-08,DEMO-DISTRIB,94.49,95.13,93.02,93.99,5150360.0
2026-01-09,DEMO-DISTRIB,93.01,94.6,92.61,92.96,7974490.0
2026-01-12,DEMO-DISTRIB,95.53,96.21,94.33,94.43,7146581.0
2026-01-13,DEMO-DISTRIB,96.64,98.0,95.29,95.75,3503278.0
2026-01-14,DEMO-DISTRIB,96.47,97.04,94.79,94.95,6358305.0
2026-01-15,DEMO-DISTRIB,97.98,98.64,96.25,96.52,4065719.0
2026-01-16,DEMO-DISTRIB,95.45,96.8,95.06,95.91,6724959.0
2026-01-19,DEMO-DISTRIB,98.36,99.35,97.37,97.94,4804416.0
2026-01-20,DEMO-DISTRIB,98.49,100.1,97.64,98.51,7211786.0
2026-01-21,DEMO-DISTRIB,97.64,98.58,96.82,97.69,6852676.0
2026-01-22,DEMO-DISTRIB,98.27,99.51,97.88,98.71,4425011.0
2026-01-23,DEMO-DISTRIB,97.79,99.04,96.89,97.42,7834479.0
2026-01-26,DEMO-DISTRIB,95.68,97.34,94.35,95.9,5524327.0
2026-01-27,DEMO-DISTRIB,93.26,95.14,92.78,93.67,5396893.0
2026-01-28,DEMO-DISTRIB,94.4,95.99,92.91,93.9,7759783.0
2026-01-29,DEMO-DISTRIB,94.44,95.01,92.84,93.68,4815857.0
2026-01-30,DEMO-DISTRIB,93.7,95.28,93.21,93.43,5232615.0
2026-02-02,DEMO-DISTRIB,93.54,93.87,92.42,92.72,5978119.0
2026-02-03,DEMO-DISTRIB,94.95,95.93,93.99,94.58,3405009.0
2026-02-04,DEMO-DISTRIB,93.57,95.64,92.58,93.83,3490008.0
2026-02-05,DEMO-DISTRIB,93.92,94.45,92.04,92.68,7698080.0
2026-02-06,DEMO-DISTRIB,94.76,96.14,93.46,94.27,3644649.0
2026-02-09,DEMO-DISTRIB,96.13,97.59,94.87,96.14,3873391.0
2026-02-10,DEMO-DISTRIB,96.24,97.56,95.25,96.48,4040315.0
2026-02-11,DEMO-DISTRIB,94.45,95.03,92.89,93.82,4626146.0
2026-02-12,DEMO-DISTRIB,92.3,93.96,91.66,92.83,4520331.0
2026-02-13,DEMO-DISTRIB,93.72,95.49,92.87,93.55,4616247.0
2026-02-16,DEMO-DISTRIB,93.67,95.25,92.75,93.43,10766783.0
2026-02-17,DEMO-DISTRIB,95.14,97.1,94.52,95.47,5330640.0
2026-02-18,DEMO-DISTRIB,94.37,95.06,92.73,93.37,7126144.0
2026-02-19,DEMO-DISTRIB,94.63,95.56,93.73,94.18,3043570.0
2026-02-20,DEMO-DISTRIB,93.14,94.06,91.97,93.15,5876837.0
2026-02-23,DEMO-DISTRIB,95.63,96.1,94.36,94.86,3298766.0
2026-02-24,DEMO-DISTRIB,95.53,96.96,94.12,94.61,7171269.0
2026-02-25,DEMO-DISTRIB,91.37,92.03,90.99,91.4,14884038.0
2025-01-02,DEMO-RANGE,100.2,100.82,99.06,99.98,2082993.0
2025-01-03,DEMO-RANGE,99.1,100.13,98.83,99.83,2191544.0
2025-01-06,DEMO-RANGE,98.96,99.65,98.13,99.19,1564771.0
2025-01-07,DEMO-RANGE,97.66,98.44,97.09,97.62,2860427.0
2025-01-08,DEMO-RANGE,98.42,99.07,97.49,98.13,1651021.0
2025-01-09,DEMO-RANGE,96.31,97.18,95.25,96.72,2443889.0
2025-01-10,DEMO-RANGE,95.55,96.02,95.09,95.52,2054394.0
2025-01-13,DEMO-RANGE,95.09,95.76,93.75,95.18,1573605.0
2025-01-14,DEMO-RANGE,94.18,94.8,93.44,94.45,2585561.0
2025-01-15,DEMO-RANGE,95.3,95.84,93.77,94.64,2007704.0
2025-01-16,DEMO-RANGE,95.69,96.44,94.77,95.54,2091387.0
2025-01-17,DEMO-RANGE,96.14,96.69,94.7,95.72,2239343.0
2025-01-20,DEMO-RANGE,96.45,96.94,95.21,95.85,1989275.0
2025-01-21,DEMO-RANGE,96.34,97.07,95.13,95.82,1819331.0
2025-01-22,DEMO-RANGE,96.52,97.45,95.9,96.59,2247212.0
2025-01-23,DEMO-RANGE,94.58,95.18,94.0,94.75,1807524.0
2025-01-24,DEMO-RANGE,94.71,96.03,94.27,95.04,2032944.0
2025-01-27,DEMO-RANGE,94.38,95.02,93.26,94.1,1692533.0
2025-01-28,DEMO-RANGE,93.23,94.16,91.9,92.88,1377987.0
2025-01-29,DEMO-RANGE,93.11,93.34,92.61,92.83,1690212.0
2025-01-30,DEMO-RANGE,91.75,92.8,91.4,92.42,1767139.0
2025-01-31,DEMO-RANGE,93.13,94.49,92.62,92.9,2007417.0
2025-02-03,DEMO-RANGE,94.05,94.47,93.46,93.87,2689210.0
2025-02-04,DEMO-RANGE,91.7,92.19,90.83,91.63,1310986.0
2025-02-05,DEMO-RANGE,91.4,93.08,90.85,91.51,2065342.0
2025-02-06,DEMO-RANGE,92.49,94.06,92.05,93.25,1150464.0
2025-02-07,DEMO-RANGE,93.66,94.36,93.2,94.0,1539844.0
2025-02-10,DEMO-RANGE,95.37,96.59,94.54,95.3,1761878.0
2025-02-11,DEMO-RANGE,94.75,96.26,94.3,95.35,1138691.0
2025-02-12,DEMO-RANGE,93.78,95.1,93.32,93.92,1256987.0
2025-02-13,DEMO-RANGE,92.39,93.49,91.87,92.81,2078524.0
2025-02-14,DEMO-RANGE,92.93,94.18,92.6,93.41,2039260.0
2025-02-17,DEMO-RANGE,93.97,94.8,93.63,94.26,1943907.0
2025-02-18,DEMO-RANGE,92.87,93.89,92.6,93.51,1635938.0
2025-02-19,DEMO-RANGE,92.94,93.95,92.2,93.2,3427187.0
2025-02-20,DEMO-RANGE,93.31,93.85,92.31,93.39,1920980.0
2025-02-21,DEMO-RANGE,91.7,92.56,90.43,91.7,1612232.0
2025-02-24,DEMO-RANGE,91.65,92.23,90.9,91.33,3042705.0
2025-02-25,DEMO-RANGE,92.72,93.02,92.44,92.75,2331996.0
2025-02-26,DEMO-RANGE,94.36,95.31,93.93,94.73,1822870.0
2025-02-27,DEMO-RANGE,94.48,95.71,94.11,94.57,2694784.0
2025-02-28,DEMO-RANGE,95.59,96.74,95.07,96.24,2079888.0
2025-03-03,DEMO-RANGE,96.08,96.43,94.89,95.68,2348863.0
2025-03-04,DEMO-RANGE,95.01,95.38,94.18,94.85,2120916.0
2025-03-05,DEMO-RANGE,93.02,93.95,91.92,92.67,1546572.0
2025-03-06,DEMO-RANGE,93.57,94.1,92.87,93.5,2549630.0
2025-03-07,DEMO-RANGE,93.27,93.89,92.14,93.1,2081860.0
2025-03-10,DEMO-RANGE,95.56,95.99,94.59,95.22,1553948.0
2025-03-11,DEMO-RANGE,95.3,96.0,94.94,95.48,1652711.0
2025-03-12,DEMO-RANGE,96.63,97.29,95.23,95.61,2539544.0
2025-03-13,DEMO-RANGE,93.76,93.98,93.44,93.82,1823584.0
2025-03-14,DEMO-RANGE,95.21,95.97,94.78,95.18,2023350.0
2025-03-17,DEMO-RANGE,95.1,96.15,94.48,94.78,2355562.0
2025-03-18,DEMO-RANGE,94.49,95.44,94.08,94.57,2065205.0
2025-03-19,DEMO-RANGE,92.69,93.51,91.77,92.43,1365466.0
2025-03-20,DEMO-RANGE,93.51,93.83,92.38,93.23,2345502.0
2025-03-21,DEMO-RANGE,94.51,94.94,93.61,94.1,2528793.0
2025-03-24,DEMO-RANGE,92.91,94.52,92.22,93.47,2483845.0
2025-03-25,DEMO-RANGE,93.38,94.41,93.0,93.51,2996216.0
2025-03-26,DEMO-RANGE,93.15,94.06,92.62,93.82,2190691.0
2025-03-27,DEMO-RANGE,94.36,95.12,94.03,94.67,2428821.0
2025-03-28,DEMO-RANGE,94.09,94.96,93.74,94.71,2975678.0
2025-03-31,DEMO-RANGE,96.81,97.45,95.67,96.29,1859793.0
2025-04-01,DEMO-RANGE,95.63,96.7,94.95,96.0,3087127.0
2025-04-02,DEMO-RANGE,95.64,96.34,94.82,95.37,3085793.0
2025-04-03,DEMO-RANGE,94.62,95.38,94.13,94.87,2432500.0
2025-04-04,DEMO-RANGE,92.73,93.09,91.36,92.41,3167901.0
2025-04-07,DEMO-RANGE,91.85,92.22,91.39,91.61,2474732.0
2025-04-08,DEMO-RANGE,92.41,93.38,92.03,92.48,1604756.0
2025-04-09,DEMO-RANGE,93.14,93.6,92.22,92.67,2657789.0
2025-04-10,DEMO-RANGE,91.97,92.69,91.54,91.86,2170043.0
2025-04-11,DEMO-RANGE,92.25,93.06,91.53,92.13,2217803.0
2025-04-14,DEMO-RANGE,90.24,90.99,89.79,90.22,2078815.0
2025-04-15,DEMO-RANGE,90.15,90.73,89.59,89.91,2809617.0
2025-04-16,DEMO-RANGE,90.06,91.35,89.26,90.34,2296160.0
2025-04-17,DEMO-RANGE,90.59,91.63,89.91,90.92,1680678.0
2025-04-18,DEMO-RANGE,90.14,91.46,89.59,90.16,2258274.0
2025-04-21,DEMO-RANGE,91.46,91.79,90.32,90.94,2399989.0
2025-04-22,DEMO-RANGE,92.26,93.5,91.67,92.59,1668210.0
2025-04-23,DEMO-RANGE,91.97,93.08,91.32,92.14,1794238.0
2025-04-24,DEMO-RANGE,92.87,93.94,92.01,92.78,1817355.0
2025-04-25,DEMO-RANGE,90.46,92.15,89.83,91.28,1718263.0
2025-04-28,DEMO-RANGE,89.05,89.94,88.59,89.44,2182226.0
2025-04-29,DEMO-RANGE,89.7,90.55,89.02,89.94,2579469.0
2025-04-30,DEMO-RANGE,90.04,90.68,89.26,89.93,3209899.0
2025-05-01,DEMO-RANGE,90.01,90.1,89.92,90.06,2696134.0
2025-05-02,DEMO-RANGE,89.17,89.71,88.78,89.49,2582269.0
2025-05-05,DEMO-RANGE,89.41,89.98,88.55,89.18,2661652.0
2025-05-06,DEMO-RANGE,90.13,90.71,89.05,89.86,2792587.0
2025-05-07,DEMO-RANGE,90.95,91.75,90.5,91.35,1820242.0
2025-05-08,DEMO-RANGE,91.03,92.26,90.39,91.11,2378686.0
2025-05-09,DEMO-RANGE,89.58,90.38,88.49,89.55,2167785.0
2025-05-12,DEMO-RANGE,90.57,91.29,89.99,90.65,1936361.0
2025-05-13,DEMO-RANGE,91.74,92.34,90.37,91.15,1784984.0
2025-05-14,DEMO-RANGE,91.17,92.85,90.74,91.72,1762666.0
2025-05-15,DEMO-RANGE,92.27,93.05,91.41,91.84,1870395.0
2025-05-16,DEMO-RANGE,93.92,94.59,93.45,93.93,1468813.0
2025-05-19,DEMO-RANGE,94.21,95.59,93.54,93.95,2278632.0
2025-05-20,DEMO-RANGE,94.21,94.61,93.17,94.39,1989087.0
2025-05-21,DEMO-RANGE,92.06,92.95,91.61,92.59,2053721.0
2025-05-22,DEMO-RANGE,91.99,92.48,90.97,92.0,2176721.0
2025-05-23,DEMO-RANGE,91.53,91.9,90.63,91.33,2397383.0
2025-05-26,DEMO-RANGE,91.49,91.9,90.05,91.25,1724968.0
2025-05-27,DEMO-RANGE,90.78,92.06,90.31,91.52,1947562.0
2025-05-28,DEMO-RANGE,90.11,91.45,89.55,90.79,1337793.0
2025-05-29,DEMO-RANGE,91.66,92.93,91.23,92.31,1148185.0
2025-05-30,DEMO-RANGE,91.32,92.03,90.86,91.28,1231243.0
2025-06-02,DEMO-RANGE,91.07,91.43,90.04,90.83,2936893.0
2025-06-03,DEMO-RANGE,91.29,92.02,90.25,91.0,1266874.0
2025-06-04,DEMO-RANGE,89.77,90.68,89.39,89.81,2250598.0
2025-06-05,DEMO-RANGE,90.11,91.95,89.45,90.28,2893458.0
2025-06-06,DEMO-RANGE,90.92,91.4,90.03,90.8,1783727.0
2025-06-09,DEMO-RANGE,90.38,90.91,89.68,90.49,3005960.0
2025-06-10,DEMO-RANGE,91.99,93.51,91.61,92.17,3173916.0
2025-06-11,DEMO-RANGE,91.83,92.62,90.86,92.2,2533196.0
2025-06-12,DEMO-RANGE,91.81,92.82,91.35,92.41,3619364.0
2025-06-13,DEMO-RANGE,91.38,92.24,90.87,91.48,2336912.0
2025-06-16,DEMO-RANGE,89.63,90.8,89.21,89.9,1667004.0
2025-06-17,DEMO-RANGE,89.81,90.17,88.44,89.28,2279995.0
2025-06-18,DEMO-RANGE,88.66,89.55,87.85,88.95,1791347.0
2025-06-19,DEMO-RANGE,88.67,89.23,87.92,88.5,1445088.0
2025-06-20,DEMO-RANGE,89.12,90.19,88.61,89.14,1455081.0
2025-06-23,DEMO-RANGE,86.75,87.72,86.03,86.96,3568613.0
2025-06-24,DEMO-RANGE,86.58,87.26,85.62,85.93,1749115.0
2025-06-25,DEMO-RANGE,84.35,84.46,84.16,84.32,1990856.0
2025-06-26,DEMO-RANGE,85.48,85.75,84.69,85.4,1697070.0
2025-06-27,DEMO-RANGE,84.66,85.38,84.28,84.88,2073923.0
2025-06-30,DEMO-RANGE,84.05,84.88,83.61,84.4,1888093.0
2025-07-01,DEMO-RANGE,83.24,84.02,82.62,83.42,1809156.0
2025-07-02,DEMO-RANGE,83.76,84.78,83.12,84.13,1480987.0
2025-07-03,DEMO-RANGE,84.01,84.48,82.94,83.74,1408465.0
2025-07-04,DEMO-RANGE,83.95,84.7,83.4,83.89,1665122.0
2025-07-07,DEMO-RANGE,82.08,82.84,81.52,82.14,2158116.0
2025-07-08,DEMO-RANGE,83.08,84.03,82.12,83.06,3371406.0
2025-07-09,DEMO-RANGE,83.17,83.69,82.56,83.34,2610876.0
2025-07-10,DEMO-RANGE,83.28,84.13,82.69,83.76,3165564.0
2025-07-11,DEMO-RANGE,84.08,85.58,83.69,84.76,2265944.0
2025-07-14,DEMO-RANGE,84.92,85.45,83.98,84.55,1964151.0
2025-07-15,DEMO-RANGE,84.28,84.77,84.11,84.36,1441558.0
2025-07-16,DEMO-RANGE,85.29,85.71,84.23,84.93,2009086.0
2025-07-17,DEMO-RANGE,84.81,85.61,84.38,85.25,1174793.0
2025-07-18,DEMO-RANGE,84.74,85.59,84.27,85.0,1863159.0
2025-07-21,DEMO-RANGE,85.04,85.87,84.15,84.99,3017690.0
2025-07-22,DEMO-RANGE,85.06,85.45,83.94,84.52,2181101.0
2025-07-23,DEMO-RANGE,84.83,85.55,84.28,85.09,2664028.0
2025-07-24,DEMO-RANGE,85.75,86.61,84.93,85.84,1826428.0
2025-07-25,DEMO-RANGE,85.73,86.57,85.05,85.8,1424692.0
2025-07-28,DEMO-RANGE,87.02,88.07,86.63,87.37,1783131.0
2025-07-29,DEMO-RANGE,85.42,86.35,84.87,85.98,1820449.0
2025-07-30,DEMO-RANGE,86.14,86.51,85.05,85.74,2717625.0
2025-07-31,DEMO-RANGE,87.18,87.48,86.21,87.17,3294750.0
2025-08-01,DEMO-RANGE,86.35,87.14,85.92,86.76,1671066.0
2025-08-04,DEMO-RANGE,85.66,86.0,84.63,85.33,1838453.0
2025-08-05,DEMO-RANGE,86.03,86.86,85.81,86.48,1939476.0
2025-08-06,DEMO-RANGE,87.05,87.4,86.45,86.91,1843517.0
2025-08-07,DEMO-RANGE,85.53,86.96,85.14,85.83,1474043.0
2025-08-08,DEMO-RANGE,86.45,87.15,85.85,86.45,2059229.0
2025-08-11,DEMO-RANGE,85.64,86.39,85.03,85.52,2202737.0
2025-08-12,DEMO-RANGE,84.18,84.89,83.58,84.33,2216057.0
2025-08-13,DEMO-RANGE,84.52,84.84,83.48,84.16,1488459.0
2025-08-14,DEMO-RANGE,83.48,84.28,82.93,83.72,1956149.0
2025-08-15,DEMO-RANGE,82.2,83.26,81.92,82.76,1302833.0
2025-08-18,DEMO-RANGE,82.66,83.43,82.38,82.41,2529340.0
2025-08-19,DEMO-RANGE,81.71,82.27,80.67,81.55,1560105.0
2025-08-20,DEMO-RANGE,81.61,82.39,81.31,81.56,1879747.0
2025-08-21,DEMO-RANGE,81.02,82.28,80.64,81.5,1799648.0
2025-08-22,DEMO-RANGE,82.03,82.5,81.82,82.07,1740383.0
2025-08-25,DEMO-RANGE,81.91,82.12,81.16,81.65,1545394.0
2025-08-26,DEMO-RANGE,80.14,81.0,79.39,80.53,1294632.0
2025-08-27,DEMO-RANGE,79.48,80.35,79.12,79.42,3106317.0
2025-08-28,DEMO-RANGE,79.26,79.69,78.63,79.19,2147311.0
2025-08-29,DEMO-RANGE,80.28,81.09,79.68,80.37,2152780.0
2025-09-01,DEMO-RANGE,81.32,81.77,80.81,81.02,3404826.0
2025-09-02,DEMO-RANGE,80.72,80.99,79.67,80.46,1964765.0
2025-09-03,DEMO-RANGE,81.25,81.47,80.89,81.18,2313433.0
2025-09-04,DEMO-RANGE,80.31,80.85,79.71,80.2,2025636.0
2025-09-05,DEMO-RANGE,81.42,81.63,80.55,80.97,2711554.0
2025-09-08,DEMO-RANGE,79.92,80.65,79.19,80.62,2284664.0
2025-09-09,DEMO-RANGE,81.26,82.09,80.51,81.21,2180240.0
2025-09-10,DEMO-RANGE,82.17,82.47,81.44,81.68,1890910.0
2025-09-11,DEMO-RANGE,82.17,82.58,80.75,81.41,2161629.0
2025-09-12,DEMO-RANGE,81.85,82.26,81.15,81.64,2696419.0
2025-09-15,DEMO-RANGE,80.71,81.08,80.45,80.73,1199404.0
2025-09-16,DEMO-RANGE,80.61,80.9,80.38,80.63,1951899.0
2025-09-17,DEMO-RANGE,81.22,82.65,80.85,81.47,1816020.0
2025-09-18,DEMO-RANGE,84.46,85.33,84.01,84.78,1870247.0
2025-09-19,DEMO-RANGE,85.61,85.99,84.85,85.34,1230214.0
2025-09-22,DEMO-RANGE,85.59,86.15,85.04,85.37,2420648.0
2025-09-23,DEMO-RANGE,84.79,85.08,84.09,84.46,1632079.0
2025-09-24,DEMO-RANGE,85.61,86.34,84.51,85.32,1905060.0
2025-09-25,DEMO-RANGE,83.75,84.35,83.04,83.87,1777685.0
2025-09-26,DEMO-RANGE,83.36,83.97,82.05,83.15,1328151.0
2025-09-29,DEMO-RANGE,83.47,84.11,82.84,83.41,1803542.0
2025-09-30,DEMO-RANGE,82.42,82.63,82.09,82.36,1272326.0
2025-10-01,DEMO-RANGE,83.54,84.36,82.74,83.6,1593095.0
2025-10-02,DEMO-RANGE,83.99,84.71,83.49,84.48,1863649.0
2025-10-03,DEMO-RANGE,84.27,84.7,83.44,83.96,2014142.0
2025-10-06,DEMO-RANGE,82.84,84.25,82.39,83.45,2044581.0
2025-10-07,DEMO-RANGE,82.52,82.79,81.56,82.31,1948323.0
2025-10-08,DEMO-RANGE,81.81,82.19,80.51,81.11,3441188.0
2025-10-09,DEMO-RANGE,81.66,82.05,80.75,81.43,2248467.0
2025-10-10,DEMO-RANGE,81.86,82.41,81.35,81.91,1485853.0
2025-10-13,DEMO-RANGE,82.22,83.0,81.52,82.16,1730416.0
2025-10-14,DEMO-RANGE,82.18,82.8,81.68,82.34,1710984.0
2025-10-15,DEMO-RANGE,81.53,82.43,80.72,81.84,1929148.0
2025-10-16,DEMO-RANGE,81.55,82.63,81.01,82.1,1734268.0
2025-10-17,DEMO-RANGE,81.12,81.54,80.23,80.85,1628389.0
2025-10-20,DEMO-RANGE,81.11,81.52,80.03,80.81,3045665.0
2025-10-21,DEMO-RANGE,81.45,82.19,80.7,81.97,2038986.0
2025-10-22,DEMO-RANGE,83.49,83.85,82.61,83.02,1853691.0
2025-10-23,DEMO-RANGE,82.34,83.35,81.74,82.6,1893462.0
2025-10-24,DEMO-RANGE,82.39,82.74,81.5,82.28,1910336.0
2025-10-27,DEMO-RANGE,83.79,84.12,82.58,83.38,2856823.0
2025-10-28,DEMO-RANGE,84.84,85.26,84.22,84.84,2273059.0
2025-10-29,DEMO-RANGE,83.87,84.18,82.81,83.53,2670736.0
2025-10-30,DEMO-RANGE,83.16,83.7,82.23,83.13,925020.0
2025-10-31,DEMO-RANGE,83.21,83.62,82.55,83.29,2188454.0
2025-11-03,DEMO-RANGE,84.29,84.91,83.71,84.27,2628719.0
2025-11-04,DEMO-RANGE,83.18,84.07,82.91,83.52,3303856.0
2025-11-05,DEMO-RANGE,83.68,84.83,83.24,84.02,2032223.0
2025-11-06,DEMO-RANGE,84.01,84.35,83.25,83.73,1313368.0
2025-11-07,DEMO-RANGE,85.4,86.45,84.93,85.69,2337492.0
2025-11-10,DEMO-RANGE,86.55,87.29,85.39,86.02,1736884.0
2025-11-11,DEMO-RANGE,85.39,86.45,84.95,85.86,1289072.0
2025-11-12,DEMO-RANGE,85.45,85.74,84.92,85.54,1728453.0
2025-11-13,DEMO-RANGE,86.43,86.75,85.32,86.4,2627319.0
2025-11-14,DEMO-RANGE,86.74,87.5,85.74,86.95,2724967.0
2025-11-17,DEMO-RANGE,85.8,86.79,85.51,85.97,2416722.0
2025-11-18,DEMO-RANGE,85.97,86.6,84.83,86.12,1552786.0
2025-11-19,DEMO-RANGE,85.07,85.87,84.3,84.92,3786219.0
2025-11-20,DEMO-RANGE,84.58,85.0,83.5,84.24,1506549.0
2025-11-21,DEMO-RANGE,82.5,83.38,82.14,83.1,1979408.0
2025-11-24,DEMO-RANGE,81.99,82.72,81.57,81.96,1406431.0
2025-11-25,DEMO-RANGE,81.51,81.82,80.59,81.36,2805681.0
2025-11-26,DEMO-RANGE,80.73,81.12,79.81,80.52,2256696.0
2025-11-27,DEMO-RANGE,81.31,81.68,80.21,80.91,2520675.0
2025-11-28,DEMO-RANGE,81.73,82.43,80.99,81.52,2065003.0
2025-12-01,DEMO-RANGE,81.34,81.82,80.61,81.29,1984916.0
2025-12-02,DEMO-RANGE,80.77,81.09,79.78,80.34,2109200.0
2025-12-03,DEMO-RANGE,80.87,81.44,80.02,80.95,1259465.0
2025-12-04,DEMO-RANGE,78.95,79.51,78.75,79.27,2589239.0
2025-12-05,DEMO-RANGE,77.7,78.41,77.4,77.7,2537700.0
2025-12-08,DEMO-RANGE,78.01,78.81,77.8,78.23,1831029.0
2025-12-09,DEMO-RANGE,78.49,79.37,78.17,78.71,2013613.0
2025-12-10,DEMO-RANGE,79.32,80.25,79.06,79.45,2177224.0
2025-12-11,DEMO-RANGE,79.36,80.03,78.84,79.24,2991428.0
2025-12-12,DEMO-RANGE,78.26,78.68,77.7,78.2,2250772.0
2025-12-15,DEMO-RANGE,78.13,78.54,77.08,77.76,2042160.0
2025-12-16,DEMO-RANGE,78.43,79.18,77.83,78.17,1779262.0
2025-12-17,DEMO-RANGE,77.45,77.96,77.23,77.54,1387751.0
2025-12-18,DEMO-RANGE,77.16,77.48,76.24,76.95,1741198.0
2025-12-19,DEMO-RANGE,76.22,76.44,75.56,75.84,2057685.0
2025-12-22,DEMO-RANGE,75.65,76.02,74.3,74.92,1897944.0
2025-12-23,DEMO-RANGE,74.96,75.8,74.73,75.52,2060208.0
2025-12-24,DEMO-RANGE,75.68,76.17,75.07,75.83,2435982.0
2025-12-25,DEMO-RANGE,75.31,75.83,74.6,74.92,2254527.0
2025-12-26,DEMO-RANGE,74.32,74.86,73.73,74.07,2166255.0
2025-12-29,DEMO-RANGE,73.33,74.13,72.97,73.62,2382926.0
2025-12-30,DEMO-RANGE,74.7,75.11,73.46,73.99,2118957.0
2025-12-31,DEMO-RANGE,73.16,73.76,72.52,73.09,2007098.0
2026-01-01,DEMO-RANGE,72.63,73.74,72.32,72.93,2274838.0
2026-01-02,DEMO-RANGE,71.07,71.94,70.47,71.33,1313388.0
2026-01-05,DEMO-RANGE,70.84,71.15,70.29,70.4,2767132.0
2026-01-06,DEMO-RANGE,70.91,72.0,70.39,70.66,1465793.0
2026-01-07,DEMO-RANGE,71.74,72.18,70.84,71.27,2494341.0
2026-01-08,DEMO-RANGE,69.95,70.9,69.49,70.41,2030108.0
2026-01-09,DEMO-RANGE,69.81,70.29,69.41,69.83,2669711.0
2026-01-12,DEMO-RANGE,70.54,71.39,70.03,70.36,2041855.0
2026-01-13,DEMO-RANGE,69.68,70.58,69.34,70.05,1598516.0
2026-01-14,DEMO-RANGE,69.76,70.02,69.05,69.64,2647394.0
2026-01-15,DEMO-RANGE,69.87,70.92,69.15,69.97,2120108.0
2026-01-16,DEMO-RANGE,70.33,70.78,69.5,70.08,2085535.0
2026-01-19,DEMO-RANGE,71.01,71.29,70.22,70.83,2066290.0
2026-01-20,DEMO-RANGE,70.99,71.75,70.54,71.36,2600942.0
2026-01-21,DEMO-RANGE,70.47,71.59,70.19,70.92,2484490.0
2026-01-22,DEMO-RANGE,70.71,71.41,69.96,70.8,2145290.0
2026-01-23,DEMO-RANGE,70.53,71.39,70.09,70.73,1374490.0
2026-01-26,DEMO-RANGE,70.15,70.55,69.09,69.73,1831006.0
2026-01-27,DEMO-RANGE,68.93,69.99,68.47,69.02,2080044.0
2026-01-28,DEMO-RANGE,69.74,70.02,69.25,69.67,3173355.0
2026-01-29,DEMO-RANGE,68.29,69.05,68.08,68.52,2230564.0
2026-01-30,DEMO-RANGE,69.09,69.64,68.78,69.18,1980221.0
2026-02-02,DEMO-RANGE,68.98,69.76,68.62,69.35,2732692.0
2026-02-03,DEMO-RANGE,69.43,69.87,68.35,69.22,1970942.0
2026-02-04,DEMO-RANGE,69.47,70.05,68.75,69.57,2012586.0
2026-02-05,DEMO-RANGE,70.14,70.48,69.65,69.87,2108028.0
2026-02-06,DEMO-RANGE,70.33,71.12,70.07,70.69,1393840.0
2026-02-09,DEMO-RANGE,70.33,71.21,69.79,70.37,2575266.0
2026-02-10,DEMO-RANGE,70.53,70.79,69.81,70.18,2254823.0
2026-02-11,DEMO-RANGE,70.19,70.67,69.57,69.98,1888962.0
2026-02-12,DEMO-RANGE,71.24,71.66,70.43,71.27,1523743.0
2026-02-13,DEMO-RANGE,71.84,72.15,71.52,71.92,2138645.0
2026-02-16,DEMO-RANGE,71.12,72.05,70.68,71.22,2877193.0
2026-02-17,DEMO-RANGE,71.47,71.78,70.54,70.95,1727278.0
2026-02-18,DEMO-RANGE,70.23,71.06,69.77,70.42,1555013.0
2026-02-19,DEMO-RANGE,70.29,70.89,70.03,70.4,2252313.0
2026-02-20,DEMO-RANGE,70.37,70.75,69.83,70.52,1360490.0
2026-02-23,DEMO-RANGE,72.09,72.82,71.84,72.11,1163852.0
2026-02-24,DEMO-RANGE,71.29,71.7,70.49,70.76,1814717.0
2026-02-25,DEMO-RANGE,71.66,72.09,70.92,71.46,1706773.0
2025-01-02,DEMO-SPIKE,98.98,101.55,95.97,99.42,12610628.0
2025-01-03,DEMO-SPIKE,97.54,101.04,95.84,97.75,9970077.0
2025-01-06,DEMO-SPIKE,99.64,101.88,97.35,99.56,17061811.0
2025-01-07,DEMO-SPIKE,96.4,100.66,95.24,99.2,7194067.0
2025-01-08,DEMO-SPIKE,97.31,99.02,95.25,97.35,6691594.0
2025-01-09,DEMO-SPIKE,98.06,99.57,92.9,96.08,9571403.0
2025-01-10,DEMO-SPIKE,99.13,100.59,96.82,99.02,7094767.0
2025-01-13,DEMO-SPIKE,102.62,106.61,96.66,103.34,11326566.0
2025-01-14,DEMO-SPIKE,106.63,111.18,101.44,107.62,9003747.0
2025-01-15,DEMO-SPIKE,108.49,113.97,104.96,111.2,9861648.0
2025-01-16,DEMO-SPIKE,98.22,100.18,94.35,97.12,9503148.0
2025-01-17,DEMO-SPIKE,93.12,95.99,90.93,93.74,9026430.0
2025-01-20,DEMO-SPIKE,91.85,96.46,88.75,93.06,14135645.0
2025-01-21,DEMO-SPIKE,93.92,96.86,90.62,94.33,12518268.0
2025-01-22,DEMO-SPIKE,91.92,93.3,86.89,88.73,6486026.0
2025-01-23,DEMO-SPIKE,94.63,96.39,91.51,94.25,13641414.0
2025-01-24,DEMO-SPIKE,97.49,100.53,92.83,95.9,7691981.0
2025-01-27,DEMO-SPIKE,91.53,94.97,90.22,94.03,9115495.0
2025-01-28,DEMO-SPIKE,94.27,96.22,90.03,95.15,7868176.0
2025-01-29,DEMO-SPIKE,93.02,94.86,91.5,94.34,7271927.0
2025-01-30,DEMO-SPIKE,91.31,93.36,88.5,91.99,12342373.0
2025-01-31,DEMO-SPIKE,94.42,97.54,90.81,94.34,9329437.0
2025-02-03,DEMO-SPIKE,92.78,94.5,89.28,93.14,7608585.0
2025-02-04,DEMO-SPIKE,86.66,90.53,85.57,88.38,7763958.0
2025-02-05,DEMO-SPIKE,83.8,88.67,82.1,86.62,8257332.0
2025-02-06,DEMO-SPIKE,86.18,89.58,84.2,86.69,15281073.0
2025-02-07,DEMO-SPIKE,82.11,86.81,79.88,83.41,6665348.0
2025-02-10,DEMO-SPIKE,87.95,88.8,86.63,88.07,7885094.0
2025-02-11,DEMO-SPIKE,81.1,85.57,79.45,84.72,10289905.0
2025-02-12,DEMO-SPIKE,88.94,93.77,87.28,91.13,7215765.0
2025-02-13,DEMO-SPIKE,93.38,95.14,91.48,94.89,9774907.0
2025-02-14,DEMO-SPIKE,88.87,91.84,87.93,91.84,11790000.0
2025-02-17,DEMO-SPIKE,94.75,97.06,89.9,92.82,10700736.0
2025-02-18,DEMO-SPIKE,96.83,99.55,95.04,97.72,9500895.0
2025-02-19,DEMO-SPIKE,97.12,100.32,95.15,97.51,7478924.0
2025-02-20,DEMO-SPIKE,93.27,96.27,89.48,93.39,7106259.0
2025-02-21,DEMO-SPIKE,95.79,96.96,91.5,94.33,9240922.0
2025-02-24,DEMO-SPIKE,100.78,105.35,98.1,102.36,11057182.0
2025-02-25,DEMO-SPIKE,94.89,98.06,93.29,96.83,12111906.0
2025-02-26,DEMO-SPIKE,97.38,101.29,94.53,99.51,13568916.0
2025-02-27,DEMO-SPIKE,100.36,103.04,94.99,100.11,9294090.0
2025-02-28,DEMO-SPIKE,101.31,102.95,96.1,100.2,8919631.0
2025-03-03,DEMO-SPIKE,98.3,100.27,97.48,99.2,10571568.0
2025-03-04,DEMO-SPIKE,95.6,101.27,94.03,98.49,5685433.0
2025-03-05,DEMO-SPIKE,101.16,105.23,98.62,103.14,9583618.0
2025-03-06,DEMO-SPIKE,105.12,108.26,103.09,106.18,9855659.0
2025-03-07,DEMO-SPIKE,102.34,105.42,96.67,102.55,6763137.0
2025-03-10,DEMO-SPIKE,110.32,111.84,107.96,109.53,8349332.0
2025-03-11,DEMO-SPIKE,103.82,107.24,97.52,104.47,9692221.0
2025-03-12,DEMO-SPIKE,105.43,108.66,102.93,107.84,7092387.0
2025-03-13,DEMO-SPIKE,107.63,112.86,103.23,109.25,8512368.0
2025-03-14,DEMO-SPIKE,117.83,119.51,112.33,115.12,9088439.0
2025-03-17,DEMO-SPIKE,114.62,118.41,113.49,117.42,10880575.0
2025-03-18,DEMO-SPIKE,120.38,126.65,118.69,123.06,7599085.0
2025-03-19,DEMO-SPIKE,124.12,130.8,122.34,123.65,13938074.0
2025-03-20,DEMO-SPIKE,130.34,133.21,123.94,129.18,9875765.0
2025-03-21,DEMO-SPIKE,129.84,135.0,124.46,131.71,9991263.0
2025-03-24,DEMO-SPIKE,143.53,146.22,139.2,143.8,9740098.0
2025-03-25,DEMO-SPIKE,138.74,142.81,132.83,140.64,7515554.0
2025-03-26,DEMO-SPIKE,148.15,151.62,140.52,148.18,8358117.0
2025-03-27,DEMO-SPIKE,150.92,155.22,146.3,151.8,14131082.0
2025-03-28,DEMO-SPIKE,154.45,158.91,151.5,153.76,11189671.0
2025-03-31,DEMO-SPIKE,149.98,155.29,148.05,151.18,8629899.0
2025-04-01,DEMO-SPIKE,152.71,159.14,147.52,154.78,13599435.0
2025-04-02,DEMO-SPIKE,142.32,149.92,138.8,146.56,7436614.0
2025-04-03,DEMO-SPIKE,141.56,143.26,136.3,139.41,10350659.0
2025-04-04,DEMO-SPIKE,145.11,147.17,141.14,144.2,10690398.0
2025-04-07,DEMO-SPIKE,132.73,139.83,128.55,136.08,7113143.0
2025-04-08,DEMO-SPIKE,145.78,148.52,142.96,144.71,12817964.0
2025-04-09,DEMO-SPIKE,145.61,150.51,141.06,143.98,6124850.0
2025-04-10,DEMO-SPIKE,146.27,149.48,142.13,146.28,12473905.0
2025-04-11,DEMO-SPIKE,148.28,149.48,144.29,147.59,8541017.0
2025-04-14,DEMO-SPIKE,149.36,155.6,145.77,150.95,11746409.0
2025-04-15,DEMO-SPIKE,152.97,156.87,147.84,150.17,12435745.0
2025-04-16,DEMO-SPIKE,147.59,153.96,141.15,148.86,10175764.0
2025-04-17,DEMO-SPIKE,154.5,157.86,143.07,149.0,9150365.0
2025-04-18,DEMO-SPIKE,152.73,159.01,149.62,156.15,10537255.0
2025-04-21,DEMO-SPIKE,164.24,169.6,156.56,164.16,9691317.0
2025-04-22,DEMO-SPIKE,168.22,178.53,164.69,173.51,7946077.0
2025-04-23,DEMO-SPIKE,175.47,180.07,170.37,177.09,8075208.0
2025-04-24,DEMO-SPIKE,178.97,180.92,172.21,176.74,8931783.0
2025-04-25,DEMO-SPIKE,164.61,170.04,155.31,165.93,10084384.0
2025-04-28,DEMO-SPIKE,165.67,173.33,163.52,171.2,6864258.0
2025-04-29,DEMO-SPIKE,179.47,181.81,170.65,177.98,10410224.0
2025-04-30,DEMO-SPIKE,173.39,178.29,167.99,176.19,10001617.0
2025-05-01,DEMO-SPIKE,183.42,188.46,177.3,182.94,10881677.0
2025-05-02,DEMO-SPIKE,193.82,196.23,185.88,193.48,8273818.0
2025-05-05,DEMO-SPIKE,194.1,200.68,186.02,195.38,13659272.0
2025-05-06,DEMO-SPIKE,202.79,214.15,197.13,204.82,7848084.0
2025-05-07,DEMO-SPIKE,207.04,213.51,201.59,208.58,12412563.0
2025-05-08,DEMO-SPIKE,196.41,199.23,191.19,195.37,13074334.0
2025-05-09,DEMO-SPIKE,191.89,198.82,186.5,192.86,5336723.0
2025-05-12,DEMO-SPIKE,188.53,193.79,186.27,190.86,9390489.0
2025-05-13,DEMO-SPIKE,192.72,198.6,188.22,196.06,11423296.0
2025-05-14,DEMO-SPIKE,185.92,197.55,181.8,190.48,9315647.0
2025-05-15,DEMO-SPIKE,181.57,195.51,176.67,188.29,7294962.0
2025-05-16,DEMO-SPIKE,180.83,189.99,177.4,182.19,8158478.0
2025-05-19,DEMO-SPIKE,182.09,186.27,177.82,183.01,7496960.0
2025-05-20,DEMO-SPIKE,179.38,187.84,173.9,184.63,10915958.0
2025-05-21,DEMO-SPIKE,190.78,194.43,189.16,192.95,12056670.0
2025-05-22,DEMO-SPIKE,200.01,203.73,193.3,200.27,8970635.0
2025-05-23,DEMO-SPIKE,203.64,211.31,193.59,202.81,8414122.0
2025-05-26,DEMO-SPIKE,209.68,214.44,198.99,206.0,9402953.0
2025-05-27,DEMO-SPIKE,205.68,211.7,203.14,208.14,10538037.0
2025-05-28,DEMO-SPIKE,211.68,214.97,207.27,210.35,10717291.0
2025-05-29,DEMO-SPIKE,223.65,234.72,217.49,224.64,10290963.0
2025-05-30,DEMO-SPIKE,200.6,206.99,194.29,203.66,8945957.0
2025-06-02,DEMO-SPIKE,203.53,209.34,198.43,203.47,6375431.0
2025-06-03,DEMO-SPIKE,202.71,209.2,194.76,207.25,5399445.0
2025-06-04,DEMO-SPIKE,219.72,225.1,213.34,217.88,12277961.0
2025-06-05,DEMO-SPIKE,210.28,211.97,205.16,209.67,12465439.0
2025-06-06,DEMO-SPIKE,216.3,223.21,206.96,213.85,7451768.0
2025-06-09,DEMO-SPIKE,220.02,226.94,215.2,222.53,8959326.0
2025-06-10,DEMO-SPIKE,222.33,225.68,215.32,219.92,9462536.0
2025-06-11,DEMO-SPIKE,201.83,207.85,199.29,204.46,11106476.0
2025-06-12,DEMO-SPIKE,203.99,208.54,194.94,202.77,10304801.0
2025-06-13,DEMO-SPIKE,194.41,198.84,189.07,194.26,12025046.0
2025-06-16,DEMO-SPIKE,195.84,205.27,190.62,200.5,10406834.0
2025-06-17,DEMO-SPIKE,192.93,196.93,185.46,194.9,9726907.0
2025-06-18,DEMO-SPIKE,205.88,218.22,201.36,209.96,11664149.0
2025-06-19,DEMO-SPIKE,206.28,215.7,203.6,212.43,9484241.0
2025-06-20,DEMO-SPIKE,204.18,211.12,200.22,206.88,11797513.0
2025-06-23,DEMO-SPIKE,203.37,206.59,200.12,203.96,10236743.0
2025-06-24,DEMO-SPIKE,193.2,196.97,188.02,196.29,11166968.0
2025-06-25,DEMO-SPIKE,202.23,211.37,196.42,200.54,9580759.0
2025-06-26,DEMO-SPIKE,214.92,225.74,201.85,213.73,13570525.0
2025-06-27,DEMO-SPIKE,217.41,219.36,210.15,213.18,6784788.0
2025-06-30,DEMO-SPIKE,224.93,227.01,216.65,222.37,11607655.0
2025-07-01,DEMO-SPIKE,216.35,221.77,207.02,215.34,4629466.0
2025-07-02,DEMO-SPIKE,209.71,219.3,203.8,219.3,8230189.0
2025-07-03,DEMO-SPIKE,238.79,245.26,232.66,240.85,12622780.0
2025-07-04,DEMO-SPIKE,226.12,230.76,216.03,228.77,7864141.0
2025-07-07,DEMO-SPIKE,240.91,243.33,234.27,241.44,10995047.0
2025-07-08,DEMO-SPIKE,257.78,261.18,246.34,254.24,7083005.0
2025-07-09,DEMO-SPIKE,232.33,242.73,224.4,236.67,12826541.0
2025-07-10,DEMO-SPIKE,215.66,227.61,207.6,224.53,10160033.0
2025-07-11,DEMO-SPIKE,214.21,222.07,208.94,217.13,8724296.0
2025-07-14,DEMO-SPIKE,227.42,231.83,218.44,226.87,11664282.0
2025-07-15,DEMO-SPIKE,225.95,229.51,213.74,224.35,9513219.0
2025-07-16,DEMO-SPIKE,227.17,235.53,217.43,224.21,12414066.0
2025-07-17,DEMO-SPIKE,231.73,240.51,224.07,231.92,11102409.0
2025-07-18,DEMO-SPIKE,233.84,238.64,226.65,234.42,7348643.0
2025-07-21,DEMO-SPIKE,234.26,243.21,226.84,237.96,9895664.0
2025-07-22,DEMO-SPIKE,237.84,246.34,227.78,236.35,12018261.0
2025-07-23,DEMO-SPIKE,245.35,254.19,241.33,248.41,12109021.0
2025-07-24,DEMO-SPIKE,238.93,246.44,236.3,242.18,7919960.0
2025-07-25,DEMO-SPIKE,257.43,267.73,249.22,259.88,12230056.0
2025-07-28,DEMO-SPIKE,251.88,263.25,245.46,257.93,9032239.0
2025-07-29,DEMO-SPIKE,244.89,258.88,239.15,251.26,10189864.0
2025-07-30,DEMO-SPIKE,261.89,265.59,248.85,259.28,7146004.0
2025-07-31,DEMO-SPIKE,268.75,274.11,260.07,265.52,8457213.0
2025-08-01,DEMO-SPIKE,245.97,253.81,239.98,246.08,10332039.0
2025-08-04,DEMO-SPIKE,251.48,253.88,242.2,249.74,9975463.0
2025-08-05,DEMO-SPIKE,236.65,245.06,233.63,237.76,9566735.0
2025-08-06,DEMO-SPIKE,228.42,235.83,223.29,231.29,14172171.0
2025-08-07,DEMO-SPIKE,243.03,246.62,233.31,239.96,9761162.0
2025-08-08,DEMO-SPIKE,238.84,242.97,224.12,233.11,9312510.0
2025-08-11,DEMO-SPIKE,237.63,240.99,230.61,237.82,9192695.0
2025-08-12,DEMO-SPIKE,232.9,243.02,228.31,235.62,7534725.0
2025-08-13,DEMO-SPIKE,256.2,262.52,248.79,255.24,10343406.0
2025-08-14,DEMO-SPIKE,250.12,266.94,244.73,255.77,7385360.0
2025-08-15,DEMO-SPIKE,239.18,251.77,235.25,245.26,5248467.0
2025-08-18,DEMO-SPIKE,232.06,235.87,222.37,235.87,12255794.0
2025-08-19,DEMO-SPIKE,227.3,241.21,223.79,228.71,8559120.0
2025-08-20,DEMO-SPIKE,226.22,237.24,222.38,231.21,13863419.0
2025-08-21,DEMO-SPIKE,228.68,238.21,225.27,232.53,10853754.0
2025-08-22,DEMO-SPIKE,240.51,248.45,227.17,242.9,10924990.0
2025-08-25,DEMO-SPIKE,246.57,254.32,235.99,245.93,12409968.0
2025-08-26,DEMO-SPIKE,250.87,265.99,243.44,248.61,12555203.0
2025-08-27,DEMO-SPIKE,246.06,257.51,236.83,253.26,7851103.0
2025-08-28,DEMO-SPIKE,259.84,264.22,245.07,253.4,14151452.0
2025-08-29,DEMO-SPIKE,253.4,264.75,247.9,257.81,8310624.0
2025-09-01,DEMO-SPIKE,265.48,274.81,262.52,267.35,11071474.0
2025-09-02,DEMO-SPIKE,280.43,288.94,268.28,277.25,19669683.0
2025-09-03,DEMO-SPIKE,268.23,281.15,263.58,272.77,8953239.0
2025-09-04,DEMO-SPIKE,251.42,260.22,241.35,255.02,13192611.0
2025-09-05,DEMO-SPIKE,242.42,252.56,236.89,248.21,8065233.0
2025-09-08,DEMO-SPIKE,248.6,258.9,245.7,252.4,12240892.0
2025-09-09,DEMO-SPIKE,227.86,232.24,221.43,228.69,8890563.0
2025-09-10,DEMO-SPIKE,227.46,233.31,216.53,225.61,9723268.0
2025-09-11,DEMO-SPIKE,226.57,238.41,219.05,230.92,8550679.0
2025-09-12,DEMO-SPIKE,222.66,232.06,218.73,226.99,7016615.0
2025-09-15,DEMO-SPIKE,219.58,222.88,207.5,218.09,9530327.0
2025-09-16,DEMO-SPIKE,231.43,244.5,224.49,234.59,7193643.0
2025-09-17,DEMO-SPIKE,246.02,254.14,241.69,248.87,8574192.0
2025-09-18,DEMO-SPIKE,244.66,252.98,238.65,247.66,10270552.0
2025-09-19,DEMO-SPIKE,258.95,266.77,254.84,262.11,9067104.0
2025-09-22,DEMO-SPIKE,274.2,289.04,266.3,277.15,8481996.0
2025-09-23,DEMO-SPIKE,264.37,268.77,250.82,266.13,6699775.0
2025-09-24,DEMO-SPIKE,291.49,303.93,287.36,296.1,10922774.0
2025-09-25,DEMO-SPIKE,286.51,289.68,279.08,286.59,8034607.0
2025-09-26,DEMO-SPIKE,283.3,291.56,274.32,285.12,9108453.0
2025-09-29,DEMO-SPIKE,262.06,278.97,257.26,274.15,8387295.0
2025-09-30,DEMO-SPIKE,276.79,288.28,272.07,276.46,16556658.0
2025-10-01,DEMO-SPIKE,258.79,264.85,249.95,263.39,7894068.0
2025-10-02,DEMO-SPIKE,264.16,273.19,253.72,264.7,6534727.0
2025-10-03,DEMO-SPIKE,276.74,284.69,272.55,277.56,10841476.0
2025-10-06,DEMO-SPIKE,277.05,288.34,270.28,281.38,10544097.0
2025-10-07,DEMO-SPIKE,276.3,281.26,260.87,279.88,9123235.0
2025-10-08,DEMO-SPIKE,298.2,303.65,288.43,298.64,7123073.0
2025-10-09,DEMO-SPIKE,292.17,298.02,283.5,289.48,11575204.0
2025-10-10,DEMO-SPIKE,306.82,311.82,291.48,302.19,10458141.0
2025-10-13,DEMO-SPIKE,291.65,303.91,285.36,300.1,8690730.0
2025-10-14,DEMO-SPIKE,304.44,315.36,297.22,304.23,7164024.0
2025-10-15,DEMO-SPIKE,308.91,314.97,294.56,306.17,11827717.0
2025-10-16,DEMO-SPIKE,307.49,318.58,297.88,309.3,10371809.0
2025-10-17,DEMO-SPIKE,303.41,311.44,296.34,310.21,14649067.0
2025-10-20,DEMO-SPIKE,304.2,309.22,293.27,302.07,7936212.0
2025-10-21,DEMO-SPIKE,296.9,301.09,280.17,296.72,6499003.0
2025-10-22,DEMO-SPIKE,309.31,315.91,291.26,303.45,10873941.0
2025-10-23,DEMO-SPIKE,308.47,317.17,291.38,303.65,8436259.0
2025-10-24,DEMO-SPIKE,287.0,294.73,280.2,291.03,9717441.0
2025-10-27,DEMO-SPIKE,282.77,291.41,268.45,284.25,6746466.0
2025-10-28,DEMO-SPIKE,277.71,291.65,270.69,277.77,8510639.0
2025-10-29,DEMO-SPIKE,272.58,283.93,266.4,278.51,9972910.0
2025-10-30,DEMO-SPIKE,274.45,288.04,267.98,281.84,10451516.0
2025-10-31,DEMO-SPIKE,286.51,295.02,273.25,284.22,9298864.0
2025-11-03,DEMO-SPIKE,281.73,287.64,262.1,278.15,7209508.0
2025-11-04,DEMO-SPIKE,279.9,284.42,271.36,279.66,10387507.0
2025-11-05,DEMO-SPIKE,262.51,274.92,255.53,265.67,7627247.0
2025-11-06,DEMO-SPIKE,237.55,243.39,228.92,236.27,9114616.0
2025-11-07,DEMO-SPIKE,235.64,244.04,229.79,236.85,9864250.0
2025-11-10,DEMO-SPIKE,224.81,230.36,212.21,222.28,5086778.0
2025-11-11,DEMO-SPIKE,216.43,224.78,208.36,214.88,8651205.0
2025-11-12,DEMO-SPIKE,203.17,209.5,199.77,205.5,12308371.0
2025-11-13,DEMO-SPIKE,211.61,219.42,206.94,211.59,11344546.0
2025-11-14,DEMO-SPIKE,197.48,207.64,194.07,202.29,10157347.0
2025-11-17,DEMO-SPIKE,204.02,208.94,200.51,205.42,11771654.0
2025-11-18,DEMO-SPIKE,201.72,211.03,195.42,202.3,7836972.0
2025-11-19,DEMO-SPIKE,190.19,196.51,184.48,193.17,6354057.0
2025-11-20,DEMO-SPIKE,178.36,183.23,171.21,181.83,10688402.0
2025-11-21,DEMO-SPIKE,185.5,188.61,175.81,185.95,13610631.0
2025-11-24,DEMO-SPIKE,194.82,200.23,182.76,189.6,12090956.0
2025-11-25,DEMO-SPIKE,193.23,198.96,186.38,196.25,11680972.0
2025-11-26,DEMO-SPIKE,208.85,215.98,203.75,211.43,11597372.0
2025-11-27,DEMO-SPIKE,209.02,222.65,203.11,214.58,10468297.0
2025-11-28,DEMO-SPIKE,218.44,223.83,211.73,217.85,11262684.0
2025-12-01,DEMO-SPIKE,213.37,222.52,210.51,217.64,8808384.0
2025-12-02,DEMO-SPIKE,214.22,221.22,212.11,219.41,11405330.0
2025-12-03,DEMO-SPIKE,215.6,222.86,205.35,217.19,6987549.0
2025-12-04,DEMO-SPIKE,206.91,216.91,202.65,210.25,7542415.0
2025-12-05,DEMO-SPIKE,231.28,235.98,219.81,227.82,12093577.0
2025-12-08,DEMO-SPIKE,212.68,218.25,204.25,211.71,8092743.0
2025-12-09,DEMO-SPIKE,212.44,218.84,205.66,214.65,5874801.0
2025-12-10,DEMO-SPIKE,218.0,220.67,209.47,219.24,10863365.0
2025-12-11,DEMO-SPIKE,219.57,227.73,216.41,221.36,6068851.0
2025-12-12,DEMO-SPIKE,210.51,219.74,204.71,213.65,13935864.0
2025-12-15,DEMO-SPIKE,212.32,219.22,205.28,212.78,10450891.0
2025-12-16,DEMO-SPIKE,215.15,219.29,200.56,209.6,10332258.0
2025-12-17,DEMO-SPIKE,197.11,204.91,194.54,201.32,7486026.0
2025-12-18,DEMO-SPIKE,200.34,205.28,194.02,201.64,8034106.0
2025-12-19,DEMO-SPIKE,202.51,204.85,195.42,199.04,8349325.0
2025-12-22,DEMO-SPIKE,192.75,204.64,187.96,195.31,8830195.0
2025-12-23,DEMO-SPIKE,199.96,203.31,194.45,201.29,8760078.0
2025-12-24,DEMO-SPIKE,193.02,198.67,184.01,193.42,9130703.0
2025-12-25,DEMO-SPIKE,193.08,203.03,185.99,197.45,12444806.0
2025-12-26,DEMO-SPIKE,193.27,198.94,187.09,193.25,10155097.0
2025-12-29,DEMO-SPIKE,200.46,203.99,189.2,197.16,8216229.0
2025-12-30,DEMO-SPIKE,197.24,200.31,194.39,198.32,6270096.0
2025-12-31,DEMO-SPIKE,200.29,206.36,194.83,200.83,10559454.0
2026-01-01,DEMO-SPIKE,194.36,197.7,190.47,193.58,7505049.0
2026-01-02,DEMO-SPIKE,183.48,193.21,180.74,188.16,9790297.0
2026-01-05,DEMO-SPIKE,181.77,185.42,173.81,182.28,13045897.0
2026-01-06,DEMO-SPIKE,182.09,189.36,179.9,184.08,15651618.0
2026-01-07,DEMO-SPIKE,190.64,193.81,178.89,190.11,11307762.0
2026-01-08,DEMO-SPIKE,200.0,202.99,189.24,198.86,13775997.0
2026-01-09,DEMO-SPIKE,197.87,201.21,190.4,195.44,13053334.0
2026-01-12,DEMO-SPIKE,198.2,201.07,190.16,196.66,10677123.0
2026-01-13,DEMO-SPIKE,184.36,187.56,180.13,184.51,9394400.0
2026-01-14,DEMO-SPIKE,165.55,171.86,161.63,168.67,10797456.0
2026-01-15,DEMO-SPIKE,161.22,168.16,152.3,163.3,8727786.0
2026-01-16,DEMO-SPIKE,161.12,164.4,156.06,159.41,7811307.0
2026-01-19,DEMO-SPIKE,148.8,156.33,145.79,149.95,7356738.0
2026-01-20,DEMO-SPIKE,139.07,141.64,133.97,139.7,8820242.0
2026-01-21,DEMO-SPIKE,140.54,147.28,136.37,143.04,9108032.0
2026-01-22,DEMO-SPIKE,137.37,142.19,132.4,138.83,10662847.0
2026-01-23,DEMO-SPIKE,127.66,132.64,124.86,129.87,8134560.0
2026-01-26,DEMO-SPIKE,139.95,143.13,138.09,142.23,15009267.0
2026-01-27,DEMO-SPIKE,146.04,148.22,140.26,143.56,14129345.0
2026-01-28,DEMO-SPIKE,140.99,144.95,133.22,142.1,6552691.0
2026-01-29,DEMO-SPIKE,144.22,150.88,142.15,146.28,13698054.0
2026-01-30,DEMO-SPIKE,141.77,145.3,134.84,142.19,8007046.0
2026-02-02,DEMO-SPIKE,151.2,153.28,144.8,151.53,14684339.0
2026-02-03,DEMO-SPIKE,143.71,145.55,140.69,142.58,9970408.0
2026-02-04,DEMO-SPIKE,135.09,138.76,129.23,135.47,8725456.0
2026-02-05,DEMO-SPIKE,133.22,139.17,129.89,135.03,10359688.0
2026-02-06,DEMO-SPIKE,131.69,134.4,127.26,131.2,7724493.0
2026-02-09,DEMO-SPIKE,137.47,142.06,134.05,138.87,11456247.0
2026-02-10,DEMO-SPIKE,133.08,135.27,126.38,130.28,9676788.0
2026-02-11,DEMO-SPIKE,127.93,130.52,123.65,126.75,8523780.0
2026-02-12,DEMO-SPIKE,125.57,130.94,122.08,128.22,11621136.0
2026-02-13,DEMO-SPIKE,131.43,133.57,125.63,131.35,8349428.0
2026-02-16,DEMO-SPIKE,137.41,138.62,135.02,136.86,12107095.0
2026-02-17,DEMO-SPIKE,138.5,144.29,135.76,138.99,7941458.0
2026-02-18,DEMO-SPIKE,146.47,151.98,143.77,151.47,12300502.0
2026-02-19,DEMO-SPIKE,144.76,150.71,143.2,148.89,9889766.0
2026-02-20,DEMO-SPIKE,150.35,153.9,143.39,150.2,12558715.0
2026-02-23,DEMO-SPIKE,153.94,160.45,151.76,155.6,9289109.0
2026-02-24,DEMO-SPIKE,152.32,159.37,148.27,153.92,18224533.0
2026-02-25,DEMO-SPIKE,167.15,171.99,158.47,167.0,42332146.0
2025-09-11,DEMO-YOUNG,99.57,100.6,98.24,100.27,2416605.0
2025-09-12,DEMO-YOUNG,98.08,99.44,96.28,98.82,2263338.0
2025-09-15,DEMO-YOUNG,101.72,102.44,99.28,101.5,2422594.0
2025-09-16,DEMO-YOUNG,101.03,101.99,99.14,100.57,1751296.0
2025-09-17,DEMO-YOUNG,102.43,104.79,100.95,102.47,1334438.0
2025-09-18,DEMO-YOUNG,100.74,101.53,99.28,100.62,2071265.0
2025-09-19,DEMO-YOUNG,100.97,102.54,99.58,101.21,2422896.0
2025-09-22,DEMO-YOUNG,101.2,101.75,99.18,100.49,1850103.0
2025-09-23,DEMO-YOUNG,102.0,103.89,100.2,102.26,2200931.0
2025-09-24,DEMO-YOUNG,101.24,103.53,100.64,101.7,1530029.0
2025-09-25,DEMO-YOUNG,99.84,100.64,97.41,100.03,1320026.0
2025-09-26,DEMO-YOUNG,100.64,102.87,99.35,100.89,2360005.0
2025-09-29,DEMO-YOUNG,98.98,99.59,97.61,98.61,2063627.0
2025-09-30,DEMO-YOUNG,96.43,97.92,94.49,96.82,1158889.0
2025-10-01,DEMO-YOUNG,98.96,99.88,97.28,98.24,2264437.0
2025-10-02,DEMO-YOUNG,94.51,95.53,92.68,94.76,1597502.0
2025-10-03,DEMO-YOUNG,96.17,96.93,93.94,96.13,2249598.0
2025-10-06,DEMO-YOUNG,95.94,97.03,93.4,95.41,1609431.0
2025-10-07,DEMO-YOUNG,94.26,95.71,92.19,93.77,1983284.0
2025-10-08,DEMO-YOUNG,93.63,96.21,91.95,94.22,2329644.0
2025-10-09,DEMO-YOUNG,95.86,97.47,94.29,95.36,2251166.0
2025-10-10,DEMO-YOUNG,93.17,94.87,92.19,94.32,1066629.0
2025-10-13,DEMO-YOUNG,93.48,95.07,92.41,94.03,1846917.0
2025-10-14,DEMO-YOUNG,95.41,97.25,93.73,95.47,1827943.0
2025-10-15,DEMO-YOUNG,96.78,99.11,94.85,96.86,1364017.0
2025-10-16,DEMO-YOUNG,95.76,97.86,94.51,96.79,1794721.0
2025-10-17,DEMO-YOUNG,94.27,95.9,93.26,95.4,1070752.0
2025-10-20,DEMO-YOUNG,93.62,95.57,92.38,93.72,1881014.0
2025-10-21,DEMO-YOUNG,92.05,94.2,91.06,92.69,2295017.0
2025-10-22,DEMO-YOUNG,94.51,95.88,92.85,93.91,1594560.0
2025-10-23,DEMO-YOUNG,93.86,95.73,93.22,94.97,2271880.0
2025-10-24,DEMO-YOUNG,95.21,96.02,94.77,95.55,2022219.0
2025-10-27,DEMO-YOUNG,96.4,98.32,95.57,98.1,2125204.0
2025-10-28,DEMO-YOUNG,97.74,99.21,95.31,97.58,1076780.0
2025-10-29,DEMO-YOUNG,96.37,98.42,95.17,96.92,1753402.0
2025-10-30,DEMO-YOUNG,95.9,97.0,95.51,96.25,1558226.0
2025-10-31,DEMO-YOUNG,99.68,100.67,97.47,99.77,2173733.0
2025-11-03,DEMO-YOUNG,96.1,97.04,95.29,95.94,1510948.0
2025-11-04,DEMO-YOUNG,96.4,97.84,93.31,96.51,2375322.0
2025-11-05,DEMO-YOUNG,96.58,98.56,95.3,97.37,1937359.0
2025-11-06,DEMO-YOUNG,97.26,98.59,96.35,97.53,2142590.0
2025-11-07,DEMO-YOUNG,102.13,103.93,100.06,101.89,2542570.0
2025-11-10,DEMO-YOUNG,102.81,104.88,102.15,104.19,1894491.0
2025-11-11,DEMO-YOUNG,105.47,106.29,102.46,105.77,2317194.0
2025-11-12,DEMO-YOUNG,103.18,105.58,102.24,104.03,1596971.0
2025-11-13,DEMO-YOUNG,105.25,105.86,103.43,105.07,2061803.0
2025-11-14,DEMO-YOUNG,103.43,104.99,101.13,104.4,1325256.0
2025-11-17,DEMO-YOUNG,104.89,105.67,103.37,104.55,2195632.0
2025-11-18,DEMO-YOUNG,103.96,106.94,102.52,105.01,2455173.0
2025-11-19,DEMO-YOUNG,105.17,106.06,102.69,104.13,1480253.0
2025-11-20,DEMO-YOUNG,105.29,106.52,103.95,105.44,2206172.0
2025-11-21,DEMO-YOUNG,108.47,109.58,107.57,108.75,2015711.0
2025-11-24,DEMO-YOUNG,109.85,113.2,108.31,110.95,1379783.0
2025-11-25,DEMO-YOUNG,110.57,113.9,109.12,111.48,1978639.0
2025-11-26,DEMO-YOUNG,108.34,109.03,106.59,107.51,2093509.0
2025-11-27,DEMO-YOUNG,111.6,112.66,107.8,109.79,1608797.0
2025-11-28,DEMO-YOUNG,112.06,114.11,110.38,112.1,1168510.0
2025-12-01,DEMO-YOUNG,111.59,112.83,109.44,111.78,1590055.0
2025-12-02,DEMO-YOUNG,111.18,112.51,109.03,110.86,1290084.0
2025-12-03,DEMO-YOUNG,112.39,114.09,110.72,112.33,2897332.0
2025-12-04,DEMO-YOUNG,109.74,112.16,107.43,110.71,1496981.0
2025-12-05,DEMO-YOUNG,111.91,113.65,109.93,112.46,1812605.0
2025-12-08,DEMO-YOUNG,110.1,111.29,109.28,110.27,1295305.0
2025-12-09,DEMO-YOUNG,109.16,110.99,105.82,108.46,1608517.0
2025-12-10,DEMO-YOUNG,107.57,109.87,105.68,108.59,1579688.0
2025-12-11,DEMO-YOUNG,105.33,106.58,104.06,105.71,1211346.0
2025-12-12,DEMO-YOUNG,105.27,107.42,104.31,105.81,1787630.0
2025-12-15,DEMO-YOUNG,107.37,107.95,105.25,106.96,1487163.0
2025-12-16,DEMO-YOUNG,103.23,105.78,102.4,104.41,2092472.0
2025-12-17,DEMO-YOUNG,105.85,107.23,103.51,106.33,1362785.0
2025-12-18,DEMO-YOUNG,105.74,107.17,103.61,105.31,1485945.0
2025-12-19,DEMO-YOUNG,105.56,107.3,104.37,106.49,1532952.0
2025-12-22,DEMO-YOUNG,107.37,107.97,105.18,107.02,1293396.0
2025-12-23,DEMO-YOUNG,105.26,108.43,104.35,106.21,2276495.0
2025-12-24,DEMO-YOUNG,104.0,106.09,102.8,105.27,902906.0
2025-12-25,DEMO-YOUNG,100.37,103.34,98.36,102.0,2162566.0
2025-12-26,DEMO-YOUNG,101.22,102.3,99.69,100.76,1069896.0
2025-12-29,DEMO-YOUNG,98.17,99.85,96.08,99.41,1547090.0
2025-12-30,DEMO-YOUNG,103.21,104.45,101.13,102.57,3164591.0
2025-12-31,DEMO-YOUNG,105.32,106.1,103.35,104.64,1077194.0
2026-01-01,DEMO-YOUNG,100.58,103.98,99.67,102.05,1080613.0
2026-01-02,DEMO-YOUNG,103.1,104.68,101.27,103.69,2505352.0
2026-01-05,DEMO-YOUNG,103.59,105.07,102.43,104.23,1894683.0
2026-01-06,DEMO-YOUNG,103.68,104.87,101.8,103.6,1323514.0
2026-01-07,DEMO-YOUNG,103.45,105.45,101.31,104.61,1801730.0
2026-01-08,DEMO-YOUNG,105.66,107.1,104.67,106.27,1433389.0
2026-01-09,DEMO-YOUNG,102.59,106.14,101.68,105.25,1559376.0
2026-01-12,DEMO-YOUNG,102.43,104.82,100.92,104.82,2182850.0
2026-01-13,DEMO-YOUNG,104.75,106.43,103.28,105.25,1653383.0
2026-01-14,DEMO-YOUNG,104.17,106.78,102.42,103.42,1565814.0
2026-01-15,DEMO-YOUNG,103.39,106.07,101.39,103.89,2438952.0
2026-01-16,DEMO-YOUNG,104.4,105.95,102.16,103.85,2463290.0
2026-01-19,DEMO-YOUNG,101.91,103.96,100.54,102.64,1310214.0
2026-01-20,DEMO-YOUNG,101.58,102.92,98.29,101.13,1629042.0
2026-01-21,DEMO-YOUNG,101.79,104.35,99.96,101.82,1582038.0
2026-01-22,DEMO-YOUNG,103.67,105.07,102.48,103.6,1550674.0
2026-01-23,DEMO-YOUNG,104.04,105.75,102.57,104.36,1646370.0
2026-01-26,DEMO-YOUNG,103.34,104.14,101.02,102.8,1296048.0
2026-01-27,DEMO-YOUNG,105.38,106.7,103.68,104.36,1188326.0
2026-01-28,DEMO-YOUNG,104.89,105.38,103.2,104.81,1115193.0
2026-01-29,DEMO-YOUNG,104.44,107.72,103.61,106.09,1518332.0
2026-01-30,DEMO-YOUNG,109.14,109.94,106.4,108.52,1875730.0
2026-02-02,DEMO-YOUNG,105.67,108.06,104.56,106.81,2037789.0
2026-02-03,DEMO-YOUNG,107.95,109.14,104.6,106.65,1328958.0
2026-02-04,DEMO-YOUNG,104.51,106.77,103.84,105.58,1452558.0
2026-02-05,DEMO-YOUNG,103.85,104.79,101.51,103.97,1779200.0
2026-02-06,DEMO-YOUNG,107.34,108.89,105.21,107.99,2176985.0
2026-02-09,DEMO-YOUNG,109.84,111.07,107.9,110.01,1765705.0
2026-02-10,DEMO-YOUNG,106.08,107.96,104.64,106.5,1493714.0
2026-02-11,DEMO-YOUNG,107.28,109.58,105.52,107.47,2872942.0
2026-02-12,DEMO-YOUNG,104.79,107.19,103.79,106.48,1394298.0
2026-02-13,DEMO-YOUNG,107.1,110.37,105.8,108.89,1610660.0
2026-02-16,DEMO-YOUNG,109.29,110.51,107.63,109.18,1219471.0
2026-02-17,DEMO-YOUNG,109.39,111.56,107.91,108.95,1682634.0
2026-02-18,DEMO-YOUNG,108.77,110.59,108.27,109.37,1702440.0
2026-02-19,DEMO-YOUNG,110.22,112.62,109.18,110.28,2898422.0
2026-02-20,DEMO-YOUNG,109.06,111.12,108.16,110.47,1673030.0
2026-02-23,DEMO-YOUNG,108.7,111.88,107.23,110.15,1846140.0
2026-02-24,DEMO-YOUNG,109.91,112.09,107.96,109.99,1901683.0
2026-02-25,DEMO-YOUNG,111.91,112.92,108.94,111.17,2718231.0
2025-01-02,DEMO-STALE,98.96,99.5,97.54,98.6,2210241.0
2025-01-03,DEMO-STALE,100.74,101.49,99.51,100.56,2825369.0
2025-01-06,DEMO-STALE,100.76,101.35,99.34,100.72,4078396.0
2025-01-07,DEMO-STALE,100.3,101.15,99.11,100.74,5129177.0
2025-01-08,DEMO-STALE,99.99,101.25,99.54,100.51,1852264.0
2025-01-09,DEMO-STALE,100.56,101.4,99.12,100.19,3208041.0
2025-01-10,DEMO-STALE,99.3,100.11,98.5,99.93,2750661.0
2025-01-13,DEMO-STALE,96.82,97.86,96.35,97.33,1972195.0
2025-01-14,DEMO-STALE,97.18,98.69,96.65,98.05,3189452.0
2025-01-15,DEMO-STALE,97.73,98.77,97.14,98.26,2247353.0
2025-01-16,DEMO-STALE,96.36,97.64,95.87,97.31,2649513.0
2025-01-17,DEMO-STALE,96.93,97.61,96.67,97.37,4928818.0
2025-01-20,DEMO-STALE,100.16,100.83,98.54,100.14,3766157.0
2025-01-21,DEMO-STALE,100.84,101.29,99.35,100.73,4020282.0
2025-01-22,DEMO-STALE,101.03,101.41,99.54,100.41,3496723.0
2025-01-23,DEMO-STALE,102.64,103.65,101.46,102.57,3623845.0
2025-01-24,DEMO-STALE,101.67,102.62,100.57,101.76,3830590.0
2025-01-27,DEMO-STALE,101.11,102.35,100.72,101.72,2274722.0
2025-01-28,DEMO-STALE,100.26,102.36,99.48,101.2,2768912.0
2025-01-29,DEMO-STALE,101.1,101.69,99.95,101.06,3722131.0
2025-01-30,DEMO-STALE,101.94,103.04,100.62,102.07,2784801.0
2025-01-31,DEMO-STALE,102.94,104.24,101.4,102.91,2989423.0
2025-02-03,DEMO-STALE,102.68,103.26,101.59,102.18,4059375.0
2025-02-04,DEMO-STALE,102.1,102.73,100.72,102.17,4397087.0
2025-02-05,DEMO-STALE,102.32,102.91,101.33,102.41,2870699.0
2025-02-06,DEMO-STALE,101.43,103.38,100.93,102.07,2479743.0
2025-02-07,DEMO-STALE,101.91,102.76,100.96,102.17,3838110.0
2025-02-10,DEMO-STALE,101.51,101.94,100.51,101.45,3233163.0
2025-02-11,DEMO-STALE,100.93,101.72,99.17,100.72,2568520.0
2025-02-12,DEMO-STALE,101.97,102.51,100.15,100.91,3851442.0
2025-02-13,DEMO-STALE,99.98,100.72,99.2,99.83,3465479.0
2025-02-14,DEMO-STALE,100.48,101.68,99.21,100.46,3397091.0
2025-02-17,DEMO-STALE,99.11,100.7,98.68,100.37,6202114.0
2025-02-18,DEMO-STALE,99.56,101.1,97.96,99.43,4219144.0
2025-02-19,DEMO-STALE,98.84,100.07,97.4,98.85,3694798.0
2025-02-20,DEMO-STALE,98.97,99.37,97.73,98.44,3888268.0
2025-02-21,DEMO-STALE,98.76,99.24,97.47,98.39,6239445.0
2025-02-24,DEMO-STALE,98.04,99.19,97.69,98.66,4355920.0
2025-02-25,DEMO-STALE,98.55,99.95,97.99,98.55,2542112.0
2025-02-26,DEMO-STALE,98.18,99.26,97.36,97.69,3276767.0
2025-02-27,DEMO-STALE,99.4,100.14,97.9,99.46,3393270.0
2025-02-28,DEMO-STALE,100.05,101.43,99.46,100.65,2901909.0
2025-03-03,DEMO-STALE,101.11,101.54,100.28,100.91,3551786.0
2025-03-04,DEMO-STALE,101.88,102.58,101.0,102.17,3544411.0
2025-03-05,DEMO-STALE,102.66,103.39,100.75,102.7,3288522.0
2025-03-06,DEMO-STALE,102.84,104.34,101.83,102.53,2691295.0
2025-03-07,DEMO-STALE,102.53,103.59,101.69,102.78,4081699.0
2025-03-10,DEMO-STALE,105.08,106.58,104.61,106.11,2257952.0
2025-03-11,DEMO-STALE,107.52,108.48,106.5,107.49,4077580.0
2025-03-12,DEMO-STALE,109.18,109.89,107.78,108.94,3342189.0
2025-03-13,DEMO-STALE,108.3,108.91,107.66,108.59,3241721.0
2025-03-14,DEMO-STALE,109.38,110.63,108.08,109.49,1866383.0
2025-03-17,DEMO-STALE,113.13,113.59,111.77,112.53,5027294.0
2025-03-18,DEMO-STALE,113.61,114.38,112.13,113.24,2184865.0
2025-03-19,DEMO-STALE,114.8,115.34,114.46,114.81,2699730.0
2025-03-20,DEMO-STALE,116.85,117.41,115.04,116.65,3902920.0
2025-03-21,DEMO-STALE,118.57,119.65,116.67,117.68,2875755.0
2025-03-24,DEMO-STALE,119.61,120.27,119.2,120.0,3018845.0
2025-03-25,DEMO-STALE,120.41,122.54,119.38,120.48,1931932.0
2025-03-26,DEMO-STALE,121.35,122.38,119.78,121.35,2997634.0
2025-03-27,DEMO-STALE,120.87,121.81,119.9,120.62,3193502.0
2025-03-28,DEMO-STALE,124.51,125.16,123.68,124.49,3937626.0
2025-03-31,DEMO-STALE,123.65,125.87,122.8,125.1,3109466.0
2025-04-01,DEMO-STALE,125.16,126.04,123.48,125.43,3519253.0
2025-04-02,DEMO-STALE,127.42,128.21,125.42,127.63,3713095.0
2025-04-03,DEMO-STALE,126.78,128.03,125.75,127.08,2571672.0
2025-04-04,DEMO-STALE,126.79,128.01,126.03,127.24,2776445.0
2025-04-07,DEMO-STALE,126.71,127.34,124.41,126.25,4899805.0
2025-04-08,DEMO-STALE,126.64,127.04,125.17,126.46,2709287.0
2025-04-09,DEMO-STALE,125.29,127.42,124.48,126.06,4100874.0
2025-04-10,DEMO-STALE,126.67,127.37,125.9,127.02,3394932.0
2025-04-11,DEMO-STALE,126.66,127.68,125.78,127.0,4349573.0
2025-04-14,DEMO-STALE,125.66,126.66,125.07,126.29,2594338.0
2025-04-15,DEMO-STALE,125.53,127.08,123.91,126.03,3443099.0
2025-04-16,DEMO-STALE,125.88,126.45,125.04,126.02,3289644.0
2025-04-17,DEMO-STALE,125.32,126.34,124.59,125.44,2869625.0
2025-04-18,DEMO-STALE,126.55,128.29,125.47,126.97,3600623.0
2025-04-21,DEMO-STALE,128.95,129.68,127.09,128.13,2764884.0
2025-04-22,DEMO-STALE,128.68,130.21,126.45,128.52,3272159.0
2025-04-23,DEMO-STALE,126.26,128.43,124.92,126.92,2751233.0
2025-04-24,DEMO-STALE,126.64,128.63,125.81,127.85,4021038.0
2025-04-25,DEMO-STALE,126.19,127.79,124.97,126.12,2967102.0
2025-04-28,DEMO-STALE,126.23,126.56,125.19,126.56,2372856.0
2025-04-29,DEMO-STALE,127.03,127.61,125.69,126.8,3046859.0
2025-04-30,DEMO-STALE,125.07,126.58,124.35,126.1,2961881.0
2025-05-01,DEMO-STALE,124.62,125.62,123.32,125.05,2431857.0
2025-05-02,DEMO-STALE,124.18,125.46,123.86,124.21,4203287.0
2025-05-05,DEMO-STALE,127.69,128.17,126.27,127.33,3685156.0
2025-05-06,DEMO-STALE,127.01,127.46,125.52,127.11,3729822.0
2025-05-07,DEMO-STALE,127.27,129.32,126.26,126.97,2515990.0
2025-05-08,DEMO-STALE,127.72,129.34,126.62,128.55,3026859.0
2025-05-09,DEMO-STALE,129.17,130.58,128.3,129.35,4272825.0
2025-05-12,DEMO-STALE,130.6,132.22,129.87,131.1,2349468.0
2025-05-13,DEMO-STALE,129.36,130.4,127.74,129.41,3320030.0
2025-05-14,DEMO-STALE,128.18,129.35,127.3,127.95,3101376.0
2025-05-15,DEMO-STALE,132.05,133.96,131.56,133.06,2952426.0
2025-05-16,DEMO-STALE,132.92,133.92,132.42,133.17,3412291.0
2025-05-19,DEMO-STALE,133.23,134.43,131.47,132.9,2330614.0
2025-05-20,DEMO-STALE,133.07,134.26,131.12,133.32,3526409.0
2025-05-21,DEMO-STALE,132.8,135.03,132.21,135.03,2476537.0
2025-05-22,DEMO-STALE,133.01,134.35,131.5,133.35,2218571.0
2025-05-23,DEMO-STALE,133.69,134.86,132.06,133.96,4703215.0
2025-05-26,DEMO-STALE,134.07,135.67,131.84,134.09,2809927.0
2025-05-27,DEMO-STALE,135.6,136.71,133.99,135.32,1986982.0
2025-05-28,DEMO-STALE,135.83,136.42,134.64,135.77,4238724.0
2025-05-29,DEMO-STALE,134.29,135.45,133.51,135.11,2510327.0
2025-05-30,DEMO-STALE,134.19,135.07,132.06,133.93,1278304.0
2025-06-02,DEMO-STALE,129.5,131.18,128.04,130.33,2991639.0
2025-06-03,DEMO-STALE,131.01,133.3,130.3,131.98,4190840.0
2025-06-04,DEMO-STALE,128.77,129.99,127.0,129.91,3307933.0
2025-06-05,DEMO-STALE,129.63,131.17,128.57,129.48,4628372.0
2025-06-06,DEMO-STALE,131.97,132.66,131.02,132.14,3236671.0
2025-06-09,DEMO-STALE,131.14,132.35,130.25,131.67,3514952.0
2025-06-10,DEMO-STALE,132.58,133.31,131.86,132.78,2606269.0
2025-06-11,DEMO-STALE,132.87,133.95,131.64,132.63,3158752.0
2025-06-12,DEMO-STALE,134.22,134.87,133.14,133.88,4862078.0
2025-06-13,DEMO-STALE,133.62,135.26,132.62,134.1,3778136.0
2025-06-16,DEMO-STALE,133.46,134.44,131.99,133.49,3158406.0
2025-06-17,DEMO-STALE,135.64,136.56,135.17,135.74,2053990.0
2025-06-18,DEMO-STALE,136.24,137.23,134.18,135.51,2766359.0
2025-06-19,DEMO-STALE,132.56,134.56,131.53,133.59,2211073.0
2025-06-20,DEMO-STALE,132.39,133.68,131.98,133.26,3673525.0
2025-06-23,DEMO-STALE,133.49,135.56,132.9,134.26,2784007.0
2025-06-24,DEMO-STALE,132.92,134.23,131.25,132.71,3317010.0
2025-06-25,DEMO-STALE,133.87,135.32,132.93,134.09,2609821.0
2025-06-26,DEMO-STALE,134.13,135.56,132.42,135.45,5308308.0
2025-06-27,DEMO-STALE,138.16,139.87,137.09,138.95,2502276.0
2025-06-30,DEMO-STALE,137.7,139.48,136.15,138.1,3139570.0
2025-07-01,DEMO-STALE,139.27,140.05,137.26,139.34,6373272.0
2025-07-02,DEMO-STALE,136.37,136.99,134.47,136.83,3199984.0
2025-07-03,DEMO-STALE,134.75,137.03,134.09,136.35,2448840.0
2025-07-04,DEMO-STALE,137.91,138.63,135.51,136.7,3883758.0
2025-07-07,DEMO-STALE,137.3,138.69,135.89,137.52,4261546.0
2025-07-08,DEMO-STALE,137.87,138.71,136.36,137.61,4136610.0
2025-07-09,DEMO-STALE,138.11,138.62,136.49,137.65,2056458.0
2025-07-10,DEMO-STALE,136.62,138.26,135.87,136.85,3201503.0
2025-07-11,DEMO-STALE,136.09,137.38,135.12,136.33,1798231.0
2025-07-14,DEMO-STALE,137.82,138.55,135.8,136.99,5328098.0
2025-07-15,DEMO-STALE,137.68,139.03,136.28,138.05,3398505.0
2025-07-16,DEMO-STALE,139.61,140.29,137.68,139.25,2980915.0
2025-07-17,DEMO-STALE,141.9,142.7,140.0,141.03,3941257.0
2025-07-18,DEMO-STALE,144.46,145.04,142.18,143.15,3765758.0
2025-07-21,DEMO-STALE,140.64,142.13,138.43,140.36,2267092.0
2025-07-22,DEMO-STALE,138.14,140.76,137.31,139.7,4530810.0
2025-07-23,DEMO-STALE,139.79,140.39,138.09,139.62,2859679.0
2025-07-24,DEMO-STALE,137.97,139.99,137.06,138.77,1968145.0
2025-07-25,DEMO-STALE,141.11,142.86,140.38,140.62,4716797.0
2025-07-28,DEMO-STALE,141.76,143.3,140.64,142.02,4875016.0
2025-07-29,DEMO-STALE,141.63,143.35,140.8,142.03,4552074.0
2025-07-30,DEMO-STALE,141.81,143.47,141.16,142.42,3824268.0
2025-07-31,DEMO-STALE,144.99,145.77,143.91,144.67,2680256.0
2025-08-01,DEMO-STALE,144.53,144.81,143.69,144.28,3827208.0
2025-08-04,DEMO-STALE,143.56,145.41,142.52,143.95,4805883.0
2025-08-05,DEMO-STALE,143.58,145.64,142.06,145.64,4084974.0
2025-08-06,DEMO-STALE,146.37,147.28,145.09,146.62,4960854.0
2025-08-07,DEMO-STALE,148.61,150.6,147.4,149.21,2758462.0
2025-08-08,DEMO-STALE,149.8,151.11,148.51,150.04,4297900.0
2025-08-11,DEMO-STALE,152.06,152.84,149.74,151.53,4211705.0
2025-08-12,DEMO-STALE,149.96,151.65,149.33,150.77,2101693.0
2025-08-13,DEMO-STALE,149.31,150.6,147.9,149.34,2032043.0
2025-08-14,DEMO-STALE,148.79,150.66,147.88,149.52,2796859.0
2025-08-15,DEMO-STALE,145.05,145.45,144.27,145.15,3099853.0
2025-08-18,DEMO-STALE,144.87,146.85,143.91,146.02,3738305.0
2025-08-19,DEMO-STALE,147.97,148.83,146.1,147.85,3160824.0
2025-08-20,DEMO-STALE,147.77,148.4,147.27,148.17,3288891.0
2025-08-21,DEMO-STALE,148.42,149.21,145.93,147.99,2954909.0
2025-08-22,DEMO-STALE,149.95,151.61,148.76,150.03,3416134.0
2025-08-25,DEMO-STALE,150.65,152.17,149.16,150.16,3862792.0
2025-08-26,DEMO-STALE,151.33,153.66,150.5,152.04,3779607.0
2025-08-27,DEMO-STALE,155.49,157.19,154.51,156.08,3297952.0
2025-08-28,DEMO-STALE,157.12,158.35,156.12,157.58,3564650.0
2025-08-29,DEMO-STALE,159.43,160.15,157.43,159.49,2989725.0
2025-09-01,DEMO-STALE,160.72,161.95,159.2,160.6,4072656.0
2025-09-02,DEMO-STALE,162.28,163.77,159.03,161.27,2950622.0
2025-09-03,DEMO-STALE,162.01,163.3,158.82,162.0,5021326.0
2025-09-04,DEMO-STALE,160.92,162.96,160.23,162.34,3323848.0
2025-09-05,DEMO-STALE,164.19,165.92,163.1,164.57,3578814.0
2025-09-08,DEMO-STALE,161.92,162.92,159.59,161.74,2517669.0
2025-09-09,DEMO-STALE,160.94,162.15,158.65,161.45,2790694.0
2025-09-10,DEMO-STALE,162.62,163.81,161.22,162.89,3483273.0
2025-09-11,DEMO-STALE,161.19,162.49,160.16,161.52,3054290.0
2025-09-12,DEMO-STALE,162.53,164.8,160.26,161.54,2866389.0
2025-09-15,DEMO-STALE,158.21,161.26,157.41,160.46,2279381.0
2025-09-16,DEMO-STALE,160.69,162.08,160.16,161.49,3377549.0
2025-09-17,DEMO-STALE,162.95,163.99,162.21,163.3,3474263.0
2025-09-18,DEMO-STALE,165.63,167.45,164.91,166.24,3832221.0
2025-09-19,DEMO-STALE,167.19,169.42,166.05,167.42,4556550.0
2025-09-22,DEMO-STALE,166.64,167.77,164.18,166.26,2813534.0
2025-09-23,DEMO-STALE,167.2,168.19,165.27,166.96,2038630.0
2025-09-24,DEMO-STALE,168.03,168.74,166.79,168.27,3227788.0
2025-09-25,DEMO-STALE,171.66,173.24,169.8,171.21,2115337.0
2025-09-26,DEMO-STALE,167.02,167.92,164.26,167.23,2209643.0
2025-09-29,DEMO-STALE,167.32,169.44,166.24,168.16,4319235.0
2025-09-30,DEMO-STALE,164.3,165.48,162.72,164.86,3499961.0
2025-10-01,DEMO-STALE,166.44,168.42,164.8,166.43,2850243.0
2025-10-02,DEMO-STALE,167.87,168.61,165.46,167.49,2856738.0
2025-10-03,DEMO-STALE,167.81,169.19,166.86,168.67,3271786.0
2025-10-06,DEMO-STALE,169.72,171.9,168.58,170.61,2163036.0
2025-10-07,DEMO-STALE,172.23,172.99,170.75,171.59,3768981.0
2025-10-08,DEMO-STALE,171.11,172.37,168.36,170.54,2788558.0
2025-10-09,DEMO-STALE,171.3,172.64,169.0,171.45,5284378.0
2025-10-10,DEMO-STALE,174.76,175.59,173.08,174.04,2570973.0
2025-10-13,DEMO-STALE,173.82,176.21,172.72,174.04,3902593.0
2025-10-14,DEMO-STALE,174.03,175.93,171.59,174.32,2824354.0
2025-10-15,DEMO-STALE,172.24,172.98,171.43,172.13,3919522.0
2025-10-16,DEMO-STALE,174.8,175.62,172.41,174.64,2623041.0
2025-10-17,DEMO-STALE,173.96,176.57,171.92,173.86,3650672.0
2025-10-20,DEMO-STALE,172.67,174.0,171.97,172.61,2726478.0
2025-10-21,DEMO-STALE,171.66,173.6,170.46,171.96,2477711.0
2025-10-22,DEMO-STALE,169.83,170.87,168.76,170.49,2930302.0
2025-10-23,DEMO-STALE,171.26,171.93,168.74,170.22,3424462.0
2025-10-24,DEMO-STALE,172.97,173.48,172.13,172.93,3700364.0
2025-10-27,DEMO-STALE,174.73,175.47,173.47,174.73,4955669.0
2025-10-28,DEMO-STALE,177.9,179.43,176.49,177.82,4105174.0
2025-10-29,DEMO-STALE,179.94,181.94,178.37,181.08,1736792.0
2025-10-30,DEMO-STALE,179.98,180.88,177.14,179.46,2753599.0
2025-10-31,DEMO-STALE,179.96,181.97,178.17,180.68,2038308.0
2025-11-03,DEMO-STALE,183.73,186.99,182.49,184.03,3041530.0
2025-11-04,DEMO-STALE,190.53,191.93,187.71,189.11,3908521.0
2025-11-05,DEMO-STALE,186.88,189.73,185.54,186.29,2181099.0
2025-11-06,DEMO-STALE,183.15,184.65,182.0,183.5,2267763.0
2025-11-07,DEMO-STALE,184.75,186.21,182.83,184.72,3469050.0
2025-11-10,DEMO-STALE,184.23,186.12,179.85,184.26,2831787.0
2025-11-11,DEMO-STALE,179.08,183.39,177.97,182.4,4512613.0
2025-11-12,DEMO-STALE,183.58,185.3,181.09,183.43,3626644.0
2025-11-13,DEMO-STALE,180.9,183.85,179.75,182.02,3473948.0
2025-11-14,DEMO-STALE,177.17,178.95,174.74,177.52,4704162.0
2025-11-17,DEMO-STALE,176.91,178.24,175.19,177.71,2954375.0
2025-11-18,DEMO-STALE,178.39,180.86,175.82,178.19,3345999.0
2025-11-19,DEMO-STALE,179.0,180.69,177.58,179.72,2614299.0
2025-11-20,DEMO-STALE,181.78,183.4,180.0,181.89,3569625.0
2025-11-21,DEMO-STALE,183.74,184.94,179.6,182.51,4331867.0
2025-11-24,DEMO-STALE,181.73,182.73,181.04,182.25,4279566.0
2025-11-25,DEMO-STALE,181.12,183.06,179.3,181.09,3016003.0
2025-11-26,DEMO-STALE,177.62,179.01,177.06,177.91,2549436.0
2025-11-27,DEMO-STALE,176.5,178.11,175.27,177.24,2514769.0
2025-11-28,DEMO-STALE,178.29,180.86,177.52,179.49,2365320.0
2025-12-01,DEMO-STALE,181.66,182.46,179.31,181.06,3451220.0
2025-12-02,DEMO-STALE,184.93,187.12,183.43,185.55,4698694.0
2025-12-03,DEMO-STALE,185.73,186.41,183.54,185.46,1685993.0
2025-12-04,DEMO-STALE,181.03,183.46,180.08,181.91,1769925.0
2025-12-05,DEMO-STALE,183.58,184.58,182.1,183.86,4749879.0
2025-12-08,DEMO-STALE,185.97,187.38,184.17,186.28,2242004.0
2025-12-09,DEMO-STALE,183.51,184.44,182.14,184.02,3306939.0
2025-12-10,DEMO-STALE,180.42,181.71,177.71,180.85,2224649.0
2025-12-11,DEMO-STALE,180.27,182.04,179.7,181.39,4071622.0
2025-12-12,DEMO-STALE,183.43,184.88,180.79,183.1,4072411.0
2025-12-15,DEMO-STALE,179.75,182.18,179.09,180.98,3177105.0
2025-12-16,DEMO-STALE,180.11,182.08,178.9,180.5,3742715.0
2025-12-17,DEMO-STALE,177.84,179.12,174.71,179.12,3085086.0
2025-12-18,DEMO-STALE,176.86,178.44,174.98,176.92,3507107.0
2025-12-19,DEMO-STALE,174.62,175.04,173.28,174.47,4803472.0
2025-12-22,DEMO-STALE,174.66,175.72,171.98,174.97,4409056.0
2025-12-23,DEMO-STALE,174.5,175.01,174.08,174.44,2586012.0
2025-12-24,DEMO-STALE,172.96,175.18,171.66,173.31,2494315.0
2025-12-25,DEMO-STALE,167.73,169.69,166.8,168.35,2871968.0
2025-12-26,DEMO-STALE,171.45,173.11,170.97,171.93,3167028.0
2025-12-29,DEMO-STALE,171.02,172.25,168.94,170.28,3103693.0
2025-12-30,DEMO-STALE,170.72,171.66,168.67,170.22,2622159.0
2025-12-31,DEMO-STALE,165.51,169.22,164.41,168.21,3588704.0
2026-01-01,DEMO-STALE,168.54,169.99,167.12,169.14,3386385.0
2026-01-02,DEMO-STALE,166.88,168.3,163.6,166.42,3338029.0
2026-01-05,DEMO-STALE,166.73,168.51,164.24,166.8,3361061.0
2026-01-06,DEMO-STALE,166.92,168.4,165.71,166.64,3556684.0
2026-01-07,DEMO-STALE,168.77,169.36,166.8,168.59,2489156.0
2026-01-08,DEMO-STALE,165.81,168.11,163.89,166.67,4527601.0
2026-01-09,DEMO-STALE,165.49,167.36,164.31,165.63,3327230.0
2026-01-12,DEMO-STALE,164.96,166.61,163.33,165.38,3414400.0
2026-01-13,DEMO-STALE,169.07,170.86,167.83,169.55,3911096.0
2026-01-14,DEMO-STALE,166.7,167.95,165.73,166.88,3999474.0
2026-01-15,DEMO-STALE,167.78,169.24,166.34,167.63,4036150.0
2026-01-16,DEMO-STALE,165.98,167.79,165.38,166.57,3239558.0
2026-01-19,DEMO-STALE,167.57,168.44,166.47,167.36,3210041.0
2026-01-20,DEMO-STALE,168.46,169.81,166.83,168.81,2227727.0
2026-01-21,DEMO-STALE,169.17,170.91,166.24,169.28,3544340.0
2026-01-22,DEMO-STALE,168.62,171.6,167.05,169.98,3107720.0
2026-01-23,DEMO-STALE,169.62,172.1,168.9,170.72,3107090.0
2026-01-26,DEMO-STALE,170.07,171.32,167.98,169.77,5570578.0
2026-01-27,DEMO-STALE,167.79,169.9,166.25,169.54,1920051.0
2026-01-28,DEMO-STALE,167.55,169.42,165.17,166.51,3098589.0
2026-01-29,DEMO-STALE,164.62,166.79,163.38,166.03,4137083.0
2026-01-30,DEMO-STALE,164.09,165.72,162.96,164.75,3885641.0
2026-02-02,DEMO-STALE,163.76,165.57,162.74,164.46,4166448.0
2026-02-03,DEMO-STALE,165.93,167.98,163.92,166.03,2449478.0
2026-02-04,DEMO-STALE,167.08,169.24,163.99,166.94,2644862.0
2026-02-05,DEMO-STALE,167.82,169.6,166.9,168.03,3925746.0
2026-02-06,DEMO-STALE,170.34,171.31,169.73,170.34,3123593.0
2026-02-09,DEMO-STALE,165.49,167.48,163.68,165.88,4690357.0
2026-02-10,DEMO-STALE,167.72,168.91,165.8,166.88,3561861.0
2026-02-11,DEMO-STALE,166.03,167.93,164.64,167.02,3533615.0
2026-02-12,DEMO-STALE,164.82,168.0,163.83,167.01,3415515.0
2026-02-13,DEMO-STALE,166.07,167.63,164.44,164.7,2858721.0
2025-01-02,DEMO-GAPPY,99.96,101.24,99.19,100.51,3155244.0
2025-01-03,DEMO-GAPPY,99.06,100.54,97.92,99.35,3900348.0
2025-01-06,DEMO-GAPPY,98.89,100.65,98.1,99.23,2306496.0
2025-01-07,DEMO-GAPPY,97.54,98.56,97.25,97.97,2574588.0
2025-01-08,DEMO-GAPPY,101.32,101.92,99.28,100.97,3084376.0
2025-01-09,DEMO-GAPPY,98.8,100.02,97.87,98.96,2359357.0
2025-01-10,DEMO-GAPPY,101.55,102.88,99.82,101.53,3828999.0
2025-01-13,DEMO-GAPPY,99.83,102.07,99.03,100.56,3112533.0
2025-01-14,DEMO-GAPPY,101.83,102.38,100.44,101.35,3588727.0
2025-01-15,DEMO-GAPPY,101.37,102.05,100.09,101.18,2557376.0
2025-01-16,DEMO-GAPPY,100.47,102.34,99.93,100.84,2314279.0
2025-01-17,DEMO-GAPPY,101.3,103.15,100.43,102.37,2537796.0
2025-01-20,DEMO-GAPPY,104.46,105.21,103.09,103.74,2531487.0
2025-01-21,DEMO-GAPPY,102.64,104.4,102.11,103.53,1661274.0
2025-01-22,DEMO-GAPPY,102.08,104.2,101.51,102.42,2770513.0
2025-01-23,DEMO-GAPPY,104.24,106.18,103.51,105.6,3418298.0
2025-01-24,DEMO-GAPPY,106.62,108.89,105.72,107.89,2771057.0
2025-01-27,DEMO-GAPPY,108.95,109.83,107.21,108.32,2448378.0
2025-01-28,DEMO-GAPPY,108.45,109.09,107.17,108.09,2549423.0
2025-01-29,DEMO-GAPPY,108.99,109.62,108.23,108.75,2941929.0
2025-01-30,DEMO-GAPPY,108.63,110.47,107.48,109.1,3019331.0
2025-01-31,DEMO-GAPPY,111.28,112.05,109.72,111.15,4390634.0
2025-02-03,DEMO-GAPPY,109.04,110.0,107.71,109.87,2030831.0
2025-02-04,DEMO-GAPPY,109.89,111.67,109.34,110.13,3047483.0
2025-02-05,DEMO-GAPPY,108.5,109.53,108.03,109.15,3009789.0
2025-02-06,DEMO-GAPPY,111.73,112.6,110.31,111.37,2833281.0
2025-02-07,DEMO-GAPPY,114.36,114.77,113.87,114.4,2616533.0
2025-02-10,DEMO-GAPPY,113.91,115.23,112.88,114.49,2140413.0
2025-02-11,DEMO-GAPPY,115.36,116.34,114.3,115.59,2388171.0
2025-02-12,DEMO-GAPPY,117.04,119.62,115.68,118.1,3323255.0
2025-02-13,DEMO-GAPPY,117.95,119.29,116.3,117.85,3651892.0
2025-02-14,DEMO-GAPPY,115.89,117.69,115.17,116.55,2137062.0
2025-02-17,DEMO-GAPPY,119.1,119.69,116.88,118.49,3130450.0
2025-02-18,DEMO-GAPPY,119.44,120.43,117.2,119.57,3169040.0
2025-02-19,DEMO-GAPPY,119.86,120.96,118.76,119.47,3261030.0
2025-02-20,DEMO-GAPPY,122.98,123.54,120.92,122.16,2954891.0
2025-02-21,DEMO-GAPPY,123.45,124.46,121.91,122.82,3107117.0
2025-02-24,DEMO-GAPPY,120.66,122.67,118.23,,3167681.0
2025-02-25,DEMO-GAPPY,121.29,122.45,119.65,120.84,2066783.0
2025-02-26,DEMO-GAPPY,120.85,121.38,119.99,120.99,2809817.0
2025-02-27,DEMO-GAPPY,124.13,124.83,121.43,124.43,1775055.0
2025-02-28,DEMO-GAPPY,124.24,125.79,121.1,124.66,1684601.0
2025-03-03,DEMO-GAPPY,124.5,125.92,123.76,124.56,2048873.0
2025-03-04,DEMO-GAPPY,123.82,127.93,122.56,125.58,1879645.0
2025-03-05,DEMO-GAPPY,127.33,128.04,125.21,126.27,3156667.0
2025-03-06,DEMO-GAPPY,124.13,125.39,121.85,124.04,3245981.0
2025-03-07,DEMO-GAPPY,124.03,125.12,122.69,124.51,2569647.0
2025-03-10,DEMO-GAPPY,123.81,125.14,122.51,124.19,2436760.0
2025-03-11,DEMO-GAPPY,127.06,127.52,125.53,126.89,2616587.0
2025-03-12,DEMO-GAPPY,130.76,132.46,130.27,131.42,2598116.0
2025-03-13,DEMO-GAPPY,129.7,130.66,129.31,129.64,2611292.0
2025-03-14,DEMO-GAPPY,128.71,131.0,127.24,128.16,2757511.0
2025-03-17,DEMO-GAPPY,127.46,127.87,125.82,126.91,2244983.0
2025-03-18,DEMO-GAPPY,125.94,127.15,124.01,126.01,2068199.0
2025-03-19,DEMO-GAPPY,124.49,125.84,122.76,125.06,2212098.0
2025-03-20,DEMO-GAPPY,125.2,126.62,124.23,125.41,3398104.0
2025-03-21,DEMO-GAPPY,126.8,128.88,125.94,127.59,2495672.0
2025-03-24,DEMO-GAPPY,124.47,126.68,123.89,125.53,3639158.0
2025-03-25,DEMO-GAPPY,122.04,123.79,121.34,123.09,2373308.0
2025-03-26,DEMO-GAPPY,119.52,121.45,118.68,120.17,3562780.0
2025-03-27,DEMO-GAPPY,122.64,124.03,121.21,122.28,2053032.0
2025-03-28,DEMO-GAPPY,124.19,125.41,123.3,124.81,2329086.0
2025-03-31,DEMO-GAPPY,122.72,123.12,121.25,122.39,2845756.0
2025-04-01,DEMO-GAPPY,120.16,120.69,118.55,119.86,2853475.0
2025-04-02,DEMO-GAPPY,120.83,122.15,119.33,120.33,2666957.0
2025-04-03,DEMO-GAPPY,121.48,124.12,120.36,122.42,4640587.0
2025-04-04,DEMO-GAPPY,124.83,127.2,123.31,124.42,2825118.0
2025-04-07,DEMO-GAPPY,124.94,127.35,124.28,125.02,2984095.0
2025-04-08,DEMO-GAPPY,126.77,128.21,124.64,126.47,2403345.0
2025-04-09,DEMO-GAPPY,127.17,128.86,125.88,127.32,4211114.0
2025-04-10,DEMO-GAPPY,127.04,127.94,124.25,126.6,3129464.0
2025-04-11,DEMO-GAPPY,129.08,130.95,127.89,130.25,3078061.0
2025-04-14,DEMO-GAPPY,131.07,132.01,128.75,130.53,1836857.0
2025-04-15,DEMO-GAPPY,127.71,129.24,126.53,128.77,2763267.0
2025-04-16,DEMO-GAPPY,128.58,129.77,126.86,128.2,2242241.0
2025-04-17,DEMO-GAPPY,124.62,127.11,122.87,125.7,2783737.0
2025-04-18,DEMO-GAPPY,126.66,127.28,125.29,126.0,3490578.0
2025-04-21,DEMO-GAPPY,127.51,129.45,126.54,128.2,2297236.0
2025-04-22,DEMO-GAPPY,125.7,127.42,124.98,126.2,2663035.0
2025-04-23,DEMO-GAPPY,127.42,130.21,126.58,128.46,3459521.0
2025-04-24,DEMO-GAPPY,131.56,134.08,129.68,132.5,2889348.0
2025-04-25,DEMO-GAPPY,134.54,135.55,132.76,133.48,2553225.0
2025-04-28,DEMO-GAPPY,131.52,131.98,131.1,131.6,1931734.0
2025-04-29,DEMO-GAPPY,131.27,132.28,128.85,130.31,2130945.0
2025-04-30,DEMO-GAPPY,129.92,131.45,128.03,129.97,1832199.0
2025-05-01,DEMO-GAPPY,127.77,128.56,126.9,127.92,3231308.0
2025-05-02,DEMO-GAPPY,125.97,127.31,124.63,125.95,2587826.0
2025-05-05,DEMO-GAPPY,125.0,127.18,124.38,125.76,1857450.0
2025-05-06,DEMO-GAPPY,125.92,126.44,125.27,125.71,2517441.0
2025-05-07,DEMO-GAPPY,125.96,128.28,124.9,127.04,2005060.0
2025-05-08,DEMO-GAPPY,124.55,126.93,123.77,125.18,1104270.0
2025-05-09,DEMO-GAPPY,127.62,129.91,126.81,128.73,3755405.0
2025-05-12,DEMO-GAPPY,130.85,132.37,130.2,130.91,3720692.0
2025-05-13,DEMO-GAPPY,132.36,133.42,130.95,132.83,1914479.0
2025-05-14,DEMO-GAPPY,131.84,133.42,130.91,131.9,2104639.0
2025-05-15,DEMO-GAPPY,134.18,136.33,132.88,135.39,2919384.0
2025-05-16,DEMO-GAPPY,134.95,136.22,133.92,135.03,2288889.0
2025-05-19,DEMO-GAPPY,139.36,140.33,136.01,138.75,2236420.0
2025-05-20,DEMO-GAPPY,140.52,142.79,139.27,141.13,2436697.0
2025-05-21,DEMO-GAPPY,139.27,140.14,138.74,139.66,2372198.0
2025-05-22,DEMO-GAPPY,138.16,141.09,136.58,139.06,2193359.0
2025-05-23,DEMO-GAPPY,141.8,143.87,140.49,143.01,2921915.0
2025-05-26,DEMO-GAPPY,144.54,146.3,143.46,145.32,2615057.0
2025-05-27,DEMO-GAPPY,145.46,146.48,143.09,145.31,2081680.0
2025-05-28,DEMO-GAPPY,146.0,146.38,144.61,146.03,2788083.0
2025-05-29,DEMO-GAPPY,146.73,148.7,145.21,146.75,1826913.0
2025-05-30,DEMO-GAPPY,145.44,145.78,144.56,145.48,3619125.0
2025-06-02,DEMO-GAPPY,144.66,146.45,144.01,145.38,1628753.0
2025-06-03,DEMO-GAPPY,145.08,147.33,142.92,144.35,2466892.0
2025-06-04,DEMO-GAPPY,144.09,145.41,141.1,143.79,2742740.0
2025-06-05,DEMO-GAPPY,144.24,146.48,143.48,145.03,3073806.0
2025-06-06,DEMO-GAPPY,143.37,143.86,141.42,143.4,2688673.0
2025-06-09,DEMO-GAPPY,145.02,147.31,143.23,145.16,3802348.0
2025-06-10,DEMO-GAPPY,145.51,147.14,143.88,145.7,2089849.0
2025-06-11,DEMO-GAPPY,148.2,149.02,145.5,147.56,2722554.0
2025-06-12,DEMO-GAPPY,151.67,152.65,148.71,149.72,2873647.0
2025-06-13,DEMO-GAPPY,151.9,153.59,151.08,152.65,2446322.0
2025-06-16,DEMO-GAPPY,154.65,156.86,152.65,154.32,2387197.0
2025-06-17,DEMO-GAPPY,155.98,156.56,154.94,156.18,3822900.0
2025-06-18,DEMO-GAPPY,154.52,157.07,152.2,156.12,2106429.0
2025-06-19,DEMO-GAPPY,158.16,158.66,156.53,157.7,2456723.0
2025-06-20,DEMO-GAPPY,156.09,158.1,155.14,156.05,2349480.0
2025-06-23,DEMO-GAPPY,156.45,157.08,154.15,155.84,2386950.0
2025-06-24,DEMO-GAPPY,157.79,159.61,155.36,157.81,2883540.0
2025-06-25,DEMO-GAPPY,157.64,159.48,155.21,158.03,2629222.0
2025-06-26,DEMO-GAPPY,159.77,161.31,157.37,159.36,3039786.0
2025-06-27,DEMO-GAPPY,157.3,159.91,155.85,157.34,2603673.0
2025-06-30,DEMO-GAPPY,160.44,162.61,158.54,160.69,3121609.0
2025-07-01,DEMO-GAPPY,159.46,161.84,158.29,159.73,3544655.0
2025-07-02,DEMO-GAPPY,160.7,161.29,159.44,160.96,2241367.0
2025-07-03,DEMO-GAPPY,161.19,162.08,160.6,161.25,4181402.0
2025-07-04,DEMO-GAPPY,163.46,164.53,163.03,163.7,2474061.0
2025-07-07,DEMO-GAPPY,163.87,164.84,161.19,163.17,2971383.0
2025-07-08,DEMO-GAPPY,161.4,163.43,160.0,161.23,2618991.0
2025-07-09,DEMO-GAPPY,158.27,159.06,155.63,157.28,2336385.0
2025-07-10,DEMO-GAPPY,156.71,158.71,154.95,156.94,1541190.0
2025-07-11,DEMO-GAPPY,155.03,156.37,153.09,154.65,3762459.0
2025-07-14,DEMO-GAPPY,156.56,157.42,154.8,156.14,2290618.0
2025-07-15,DEMO-GAPPY,159.12,160.2,157.99,159.63,2272974.0
2025-07-16,DEMO-GAPPY,155.25,155.67,153.88,154.98,3279354.0
2025-07-17,DEMO-GAPPY,154.06,155.48,150.95,152.51,2563063.0
2025-07-18,DEMO-GAPPY,154.57,155.71,151.42,153.49,4446917.0
2025-07-21,DEMO-GAPPY,156.15,157.25,154.95,156.48,4209557.0
2025-07-22,DEMO-GAPPY,156.92,159.31,156.0,157.48,3301520.0
2025-07-23,DEMO-GAPPY,157.5,160.28,156.29,158.54,2945946.0
2025-07-24,DEMO-GAPPY,158.68,162.32,157.21,160.0,3345775.0
2025-07-25,DEMO-GAPPY,161.29,162.77,159.68,161.63,1992003.0
2025-07-28,DEMO-GAPPY,166.68,167.58,163.66,165.71,2887106.0
2025-07-29,DEMO-GAPPY,167.5,169.8,164.89,167.48,2869735.0
2025-07-30,DEMO-GAPPY,165.0,166.12,164.06,164.92,2235868.0
2025-07-31,DEMO-GAPPY,163.16,165.36,162.36,164.18,2678828.0
2025-08-01,DEMO-GAPPY,165.08,167.2,163.51,165.01,1922099.0
2025-08-04,DEMO-GAPPY,161.96,164.03,161.03,163.48,
2025-08-05,DEMO-GAPPY,162.81,165.81,160.11,163.23,
2025-08-06,DEMO-GAPPY,162.19,164.55,160.05,162.37,1821008.0
2025-08-07,DEMO-GAPPY,161.46,162.37,158.55,161.12,2606770.0
2025-08-08,DEMO-GAPPY,162.75,164.31,161.54,163.03,4063752.0
2025-08-11,DEMO-GAPPY,163.23,164.45,159.95,162.48,2790306.0
2025-08-12,DEMO-GAPPY,159.0,162.26,158.05,160.33,1944855.0
2025-08-13,DEMO-GAPPY,158.97,160.81,157.7,159.06,1965939.0
2025-08-14,DEMO-GAPPY,160.2,161.38,158.18,159.48,3419070.0
2025-08-15,DEMO-GAPPY,164.62,165.85,163.54,164.56,4363601.0
2025-08-18,DEMO-GAPPY,163.76,166.52,162.86,165.51,2110523.0
2025-08-19,DEMO-GAPPY,169.13,171.87,167.19,169.31,2790723.0
2025-08-20,DEMO-GAPPY,171.07,173.34,168.48,170.85,2279347.0
2025-08-21,DEMO-GAPPY,167.31,168.29,163.97,166.05,2341560.0
2025-08-22,DEMO-GAPPY,165.84,168.86,164.27,167.28,2985133.0
2025-08-25,DEMO-GAPPY,163.73,166.09,162.93,165.63,2487301.0
2025-08-26,DEMO-GAPPY,163.62,164.74,161.51,162.83,2119227.0
2025-08-27,DEMO-GAPPY,160.4,162.45,157.69,160.7,4239660.0
2025-08-28,DEMO-GAPPY,164.43,166.89,162.73,165.09,2657556.0
2025-08-29,DEMO-GAPPY,161.57,163.21,160.31,,2401923.0
2025-09-01,DEMO-GAPPY,159.76,162.23,158.13,160.7,3310220.0
2025-09-02,DEMO-GAPPY,164.75,166.56,162.07,163.66,2772436.0
2025-09-03,DEMO-GAPPY,165.72,166.96,162.55,165.54,2628363.0
2025-09-04,DEMO-GAPPY,161.14,163.47,159.71,161.9,3180415.0
2025-09-05,DEMO-GAPPY,163.1,163.9,160.74,161.99,2137904.0
2025-09-08,DEMO-GAPPY,159.78,161.98,157.97,161.16,3025431.0
2025-09-09,DEMO-GAPPY,160.08,162.72,157.49,161.05,3244805.0
2025-09-10,DEMO-GAPPY,161.67,164.13,160.32,163.1,3257664.0
2025-09-11,DEMO-GAPPY,161.89,164.15,161.13,162.12,2403614.0
2025-09-12,DEMO-GAPPY,160.98,163.68,159.71,161.73,2507534.0
2025-09-15,DEMO-GAPPY,165.09,166.74,164.2,165.39,1805099.0
2025-09-16,DEMO-GAPPY,160.74,162.81,158.95,161.44,2432526.0
2025-09-17,DEMO-GAPPY,160.06,161.75,158.4,160.94,2699273.0
2025-09-18,DEMO-GAPPY,164.39,165.73,161.16,162.34,3426763.0
2025-09-19,DEMO-GAPPY,159.32,161.48,157.78,159.83,2602296.0
2025-09-22,DEMO-GAPPY,159.33,160.88,156.33,158.74,2281219.0
2025-09-23,DEMO-GAPPY,154.16,157.8,152.18,156.13,2040797.0
2025-09-24,DEMO-GAPPY,156.61,158.32,154.99,156.8,2732258.0
2025-09-25,DEMO-GAPPY,155.45,157.53,154.77,155.75,2597315.0
2025-09-26,DEMO-GAPPY,158.66,159.71,155.73,157.8,3729317.0
2025-09-29,DEMO-GAPPY,160.48,162.56,159.02,160.4,2769355.0
2025-09-30,DEMO-GAPPY,161.42,162.98,159.22,160.84,2440965.0
2025-10-01,DEMO-GAPPY,160.26,161.67,158.62,160.32,2446156.0
2025-10-02,DEMO-GAPPY,161.31,163.42,159.26,161.24,2451614.0
2025-10-03,DEMO-GAPPY,160.78,163.22,159.51,161.71,2607076.0
2025-10-06,DEMO-GAPPY,159.86,160.35,158.76,159.27,1454435.0
2025-10-07,DEMO-GAPPY,160.55,162.33,158.9,162.0,1862618.0
2025-10-08,DEMO-GAPPY,161.0,163.88,159.89,,2055785.0
2025-10-09,DEMO-GAPPY,163.06,166.65,161.8,165.0,3100493.0
2025-10-10,DEMO-GAPPY,162.65,164.19,161.08,162.18,2463590.0
2025-10-13,DEMO-GAPPY,165.46,166.81,163.88,164.52,2865115.0
2025-10-14,DEMO-GAPPY,169.49,172.64,167.68,169.75,3683445.0
2025-10-15,DEMO-GAPPY,171.01,173.15,169.9,171.57,2134575.0
2025-10-16,DEMO-GAPPY,167.66,168.84,164.94,168.42,3332193.0
2025-10-17,DEMO-GAPPY,168.26,169.92,165.65,168.85,3038244.0
2025-10-20,DEMO-GAPPY,168.23,171.47,166.93,169.06,2315266.0
2025-10-21,DEMO-GAPPY,169.73,170.94,167.11,169.93,3992294.0
2025-10-22,DEMO-GAPPY,168.35,170.43,167.71,169.72,1764802.0
2025-10-23,DEMO-GAPPY,172.0,173.43,168.57,171.25,2090500.0
2025-10-24,DEMO-GAPPY,170.36,171.38,167.97,170.48,2385180.0
2025-10-27,DEMO-GAPPY,170.29,172.72,169.38,171.38,3053273.0
2025-10-28,DEMO-GAPPY,172.08,173.27,167.45,170.07,2395018.0
2025-10-29,DEMO-GAPPY,172.4,173.63,168.91,170.66,1629221.0
2025-10-30,DEMO-GAPPY,172.77,174.73,171.9,173.4,2565681.0
2025-10-31,DEMO-GAPPY,172.18,173.57,170.16,172.55,2459235.0
2025-11-03,DEMO-GAPPY,175.03,176.95,173.27,174.53,5180197.0
2025-11-04,DEMO-GAPPY,172.65,174.89,171.75,172.7,3525817.0
2025-11-05,DEMO-GAPPY,171.54,172.86,170.91,172.15,2588344.0
2025-11-06,DEMO-GAPPY,172.81,175.97,171.3,171.92,1917496.0
2025-11-07,DEMO-GAPPY,174.22,176.1,171.37,175.3,3005307.0
2025-11-10,DEMO-GAPPY,174.01,175.91,171.75,173.76,1882138.0
2025-11-11,DEMO-GAPPY,177.53,178.3,174.73,177.1,2903598.0
2025-11-12,DEMO-GAPPY,171.93,174.47,170.34,173.79,2748547.0
2025-11-13,DEMO-GAPPY,174.49,176.82,172.26,173.75,2273933.0
2025-11-14,DEMO-GAPPY,176.44,178.12,175.22,176.34,2937150.0
2025-11-17,DEMO-GAPPY,176.73,178.82,175.15,178.43,2545317.0
2025-11-18,DEMO-GAPPY,176.4,177.92,174.53,176.25,2180280.0
2025-11-19,DEMO-GAPPY,174.21,175.72,171.11,173.55,3666973.0
2025-11-20,DEMO-GAPPY,176.16,177.81,173.58,176.06,3187451.0
2025-11-21,DEMO-GAPPY,172.12,174.02,171.42,173.27,2326966.0
2025-11-24,DEMO-GAPPY,173.75,175.85,172.54,175.04,2284836.0
2025-11-25,DEMO-GAPPY,174.15,176.57,170.86,174.1,2622525.0
2025-11-26,DEMO-GAPPY,174.89,175.89,172.95,174.42,3175856.0
2025-11-27,DEMO-GAPPY,181.22,182.4,178.18,180.48,3407055.0
2025-11-28,DEMO-GAPPY,184.17,186.2,182.72,184.79,3972545.0
2025-12-01,DEMO-GAPPY,185.82,188.75,183.17,187.36,3094107.0
2025-12-02,DEMO-GAPPY,182.69,185.83,181.76,184.08,1904122.0
2025-12-03,DEMO-GAPPY,184.11,185.91,182.21,185.28,4556474.0
2025-12-04,DEMO-GAPPY,185.68,187.48,184.57,185.79,3676603.0
2025-12-05,DEMO-GAPPY,185.44,187.34,183.42,185.89,3389489.0
2025-12-08,DEMO-GAPPY,188.43,190.71,185.53,189.78,3839760.0
2025-12-09,DEMO-GAPPY,183.36,186.77,181.88,185.54,1738013.0
2025-12-10,DEMO-GAPPY,185.76,187.84,185.08,186.74,2517833.0
2025-12-11,DEMO-GAPPY,188.7,190.9,184.99,187.44,2433180.0
2025-12-12,DEMO-GAPPY,186.57,188.01,184.1,185.82,3365762.0
2025-12-15,DEMO-GAPPY,191.56,192.21,189.08,190.73,2063009.0
2025-12-16,DEMO-GAPPY,187.27,189.44,185.08,187.68,2317647.0
2025-12-17,DEMO-GAPPY,187.16,189.86,186.31,188.12,
2025-12-18,DEMO-GAPPY,188.42,191.14,187.53,188.71,3238436.0
2025-12-19,DEMO-GAPPY,184.41,185.16,181.71,183.22,2281959.0
2025-12-22,DEMO-GAPPY,179.91,181.33,177.38,179.87,3989894.0
2025-12-23,DEMO-GAPPY,176.43,178.87,175.39,177.75,1807696.0
2025-12-24,DEMO-GAPPY,180.35,181.58,179.32,180.08,3086139.0
2025-12-25,DEMO-GAPPY,182.02,185.2,180.54,182.84,2609140.0
2025-12-26,DEMO-GAPPY,186.08,187.28,183.68,184.74,3130090.0
2025-12-29,DEMO-GAPPY,186.68,188.65,183.19,185.72,2578161.0
2025-12-30,DEMO-GAPPY,179.18,180.3,175.69,180.3,2041268.0
2025-12-31,DEMO-GAPPY,181.37,183.28,178.56,181.2,2908371.0
2026-01-01,DEMO-GAPPY,180.01,182.37,178.13,180.24,1812962.0
2026-01-02,DEMO-GAPPY,185.16,186.55,181.04,183.57,3145111.0
2026-01-05,DEMO-GAPPY,187.68,189.88,186.02,187.43,2550201.0
2026-01-06,DEMO-GAPPY,194.95,196.11,192.87,193.73,3463625.0
2026-01-07,DEMO-GAPPY,195.04,198.24,193.44,196.05,2470743.0
2026-01-08,DEMO-GAPPY,198.51,199.35,198.02,198.69,2337593.0
2026-01-09,DEMO-GAPPY,195.32,197.06,193.08,196.17,2767390.0
2026-01-12,DEMO-GAPPY,197.13,200.04,195.37,196.77,3739874.0
2026-01-13,DEMO-GAPPY,194.09,195.19,191.31,193.7,1505043.0
2026-01-14,DEMO-GAPPY,195.1,197.96,192.12,196.53,2840811.0
2026-01-15,DEMO-GAPPY,196.19,197.44,192.3,193.58,2926088.0
2026-01-16,DEMO-GAPPY,192.96,194.93,190.46,193.36,1766555.0
2026-01-19,DEMO-GAPPY,192.42,194.17,190.32,191.48,2018280.0
2026-01-20,DEMO-GAPPY,189.88,192.6,187.12,190.57,2938035.0
2026-01-21,DEMO-GAPPY,190.53,192.97,189.41,192.17,2249623.0
2026-01-22,DEMO-GAPPY,190.47,192.72,188.89,191.0,2142381.0
2026-01-23,DEMO-GAPPY,192.69,194.04,188.9,191.96,4211079.0
2026-01-26,DEMO-GAPPY,190.39,192.32,187.41,189.59,1987288.0
2026-01-27,DEMO-GAPPY,194.15,196.39,189.76,193.7,2229151.0
2026-01-28,DEMO-GAPPY,191.18,193.42,189.34,192.29,1417428.0
2026-01-29,DEMO-GAPPY,194.96,196.5,194.24,195.42,2105365.0
2026-01-30,DEMO-GAPPY,202.5,204.21,198.91,201.71,2035988.0
2026-02-02,DEMO-GAPPY,194.19,197.38,191.58,195.11,3825153.0
2026-02-03,DEMO-GAPPY,192.69,194.07,189.93,192.73,3383116.0
2026-02-04,DEMO-GAPPY,192.17,196.77,190.72,192.53,1835397.0
2026-02-05,DEMO-GAPPY,195.14,198.92,192.49,196.09,4475718.0
2026-02-06,DEMO-GAPPY,195.63,197.11,193.49,195.1,3030465.0
2026-02-09,DEMO-GAPPY,197.03,197.96,194.1,196.51,2637163.0
2026-02-10,DEMO-GAPPY,193.69,195.7,192.74,194.84,3058945.0
2026-02-11,DEMO-GAPPY,197.72,198.78,193.75,196.76,3028304.0
2026-02-12,DEMO-GAPPY,192.99,195.03,189.88,193.73,2075592.0
2026-02-13,DEMO-GAPPY,196.0,199.46,194.37,196.39,1787019.0
2026-02-16,DEMO-GAPPY,187.6,189.89,187.0,188.41,2002834.0
2026-02-17,DEMO-GAPPY,184.88,185.68,182.37,183.69,2502625.0
2026-02-18,DEMO-GAPPY,188.9,189.96,187.29,188.78,2524580.0
2026-02-19,DEMO-GAPPY,189.76,190.67,188.19,189.59,2297034.0
2026-02-20,DEMO-GAPPY,187.33,188.84,186.09,187.52,3186076.0
2026-02-23,DEMO-GAPPY,193.46,195.38,192.81,193.74,2120155.0
2026-02-24,DEMO-GAPPY,196.78,198.94,194.73,196.99,3433064.0
2026-02-25,DEMO-GAPPY,201.03,203.1,198.11,200.52,2447263.0
