Date,Ticker,Open,High,Low,Close,Volume
2025-09-05,AAPL,179.0991,182.0371,177.5269,181.1039,1401876
2025-09-08,AAPL,179.5774,186.3187,179.1948,184.5391,1087284
2025-09-09,AAPL,185.5388,187.4240,183.7730,185.2358,865178
2025-09-10,AAPL,185.1811,185.6940,184.8532,185.5177,1529500
2025-09-11,AAPL,185.4254,185.7774,180.2417,180.4306,913346
2025-09-12,AAPL,182.7986,183.6876,181.8948,182.8562,1114914
2025-09-15,AAPL,182.3926,182.9400,177.8024,178.3424,1206828
2025-09-16,AAPL,179.2091,179.5809,176.4864,177.1604,787860
2025-09-17,AAPL,176.0568,178.4728,172.2987,173.6367,1532770
2025-09-18,AAPL,173.0426,174.4975,172.3611,173.1496,1083118
2025-09-19,AAPL,172.1685,173.4993,172.0647,173.4861,968458
2025-09-22,AAPL,172.7651,173.8511,168.3368,169.5094,856528
2025-09-23,AAPL,169.0175,171.9223,168.5431,170.4212,1056480
2025-09-24,AAPL,170.4418,171.9635,169.5775,170.9698,1113133
2025-09-25,AAPL,169.8300,170.8193,169.1802,169.5638,1327227
2025-09-26,AAPL,169.2009,169.6622,164.6230,165.9136,1137022
2025-09-29,AAPL,166.0991,166.9711,163.0912,163.3667,1364143
2025-09-30,AAPL,164.2529,164.7009,160.7622,161.3343,1032933
2025-10-01,AAPL,161.3493,162.8918,160.9377,161.6756,1057743
2025-10-02,AAPL,161.9557,162.1495,158.9499,160.7684,1081659
2025-10-03,AAPL,161.3174,162.3176,160.2645,160.3913,1267220
2025-10-06,AAPL,161.4871,161.7722,158.2843,159.2960,1403485
2025-10-07,AAPL,160.4652,164.6438,160.0895,164.4139,988199
2025-10-08,AAPL,164.5426,165.5189,161.7546,162.0832,1378983
2025-10-09,AAPL,161.7327,163.8393,161.1030,163.2603,643015
2025-10-10,AAPL,163.8764,165.4068,163.4992,164.9691,1639072
2025-10-13,AAPL,165.3499,167.8318,164.4907,167.5515,887899
2025-10-14,AAPL,168.4623,169.3527,168.1832,169.0372,1449361
2025-10-15,AAPL,168.0281,174.3373,166.8829,173.6507,863323
2025-10-16,AAPL,173.9963,174.9998,171.8092,174.9936,1310504
2025-10-17,AAPL,175.3390,175.3636,168.8969,169.4290,932019
2025-10-20,AAPL,168.9045,171.4913,168.4869,171.3609,610931
2025-10-21,AAPL,171.3389,173.5780,169.7549,172.7094,1030611
2025-10-22,AAPL,172.4438,177.2724,171.9071,176.4774,1164739
2025-10-23,AAPL,177.7269,179.1292,173.0085,175.2176,1454067
2025-10-24,AAPL,174.0584,183.4062,173.8242,181.3041,1270013
2025-10-27,AAPL,181.5181,183.0371,180.6080,182.5283,1302363
2025-10-28,AAPL,183.7850,189.5259,182.9326,188.7682,1197037
2025-10-29,AAPL,189.7943,192.9183,189.6704,192.2442,1159332
2025-10-30,AAPL,190.8003,191.0906,189.3064,189.6249,1460370
2025-10-31,AAPL,188.8185,190.8328,186.5563,190.7052,856357
2025-11-03,AAPL,190.9870,192.4994,189.6854,190.2310,1152526
2025-11-04,AAPL,190.3209,197.1675,189.8231,196.1136,1184454
2025-11-05,AAPL,196.7982,197.3600,191.0020,191.6831,1496295
2025-11-06,AAPL,191.7735,199.0726,189.6085,198.5842,1157695
2025-11-07,AAPL,198.8801,199.4868,193.5480,194.6998,1207551
2025-11-10,AAPL,194.8047,196.0896,193.8237,195.7545,1257578
2025-11-11,AAPL,196.7022,197.6929,192.0618,192.9590,1516828
2025-11-12,AAPL,192.2148,194.8688,192.1652,194.7371,1237079
2025-11-13,AAPL,195.5181,196.7412,191.2878,191.5670,1261121
2025-11-14,AAPL,191.8285,192.3083,187.8027,188.0820,1270615
2025-11-17,AAPL,187.5982,188.7666,183.0364,183.6183,790208
2025-11-18,AAPL,184.0369,186.0077,180.1840,180.2344,1361524
2025-11-19,AAPL,181.0792,181.4651,174.6692,174.7709,1487091
2025-11-20,AAPL,174.7875,175.1842,169.3855,171.5927,902689
2025-11-21,AAPL,170.8501,171.3707,166.3769,168.2828,1341624
2025-11-24,AAPL,168.5274,168.7118,167.0448,167.4045,1214252
2025-11-25,AAPL,166.3722,170.1640,164.0740,169.1727,1062266
2025-11-26,AAPL,170.4190,171.4598,169.3331,169.9166,1225007
2025-11-27,AAPL,169.8379,170.8178,167.1217,167.4862,1373333
2025-11-28,AAPL,167.1189,169.9537,166.6409,169.0932,938103
2025-12-01,AAPL,168.9041,169.1190,162.2828,164.3621,796372
2025-12-02,AAPL,163.5306,168.6492,162.8401,168.0639,1152803
2025-12-03,AAPL,166.9343,167.2116,161.7691,162.7311,1411992
2025-12-04,AAPL,163.0413,163.4299,160.2429,161.3655,1886917
2025-12-05,AAPL,161.5508,166.1043,160.8558,165.8079,1101893
2025-12-08,AAPL,166.6016,167.7378,164.7029,165.0089,1503474
2025-12-09,AAPL,165.5030,166.6461,160.6626,160.6955,1214076
2025-12-10,AAPL,162.0475,162.1112,160.3535,160.4640,1357221
2025-12-11,AAPL,160.4532,162.4388,160.3241,160.3367,1058840
2025-12-12,AAPL,160.6968,163.0393,160.5555,160.6224,1151108
2025-12-15,AAPL,159.7245,163.9518,158.4083,163.3775,1165315
2025-12-16,AAPL,163.7414,165.5409,159.5702,161.7647,1242063
2025-12-17,AAPL,161.2486,165.7215,160.0660,163.7725,1035303
2025-12-18,AAPL,163.1121,167.1791,163.0343,167.1554,1544756
2025-12-19,AAPL,166.5961,167.2150,164.8739,165.0653,1514473
2025-12-22,AAPL,164.9493,172.2140,164.7733,171.8900,1263628
2025-12-23,AAPL,171.8404,173.1860,169.1532,173.0470,911445
2025-12-24,AAPL,173.3934,174.4988,167.8689,168.1127,881697
2025-12-25,AAPL,167.8682,173.8066,166.5656,172.6029,1267582
2025-12-26,AAPL,173.1192,173.4808,170.5597,170.9515,938033
2025-12-29,AAPL,171.4566,173.4770,170.2868,171.3250,1190639
2025-12-30,AAPL,171.9841,172.3584,170.9106,171.3575,1181549
2025-12-31,AAPL,171.2829,171.4228,168.5119,169.7665,747532
2026-01-01,AAPL,170.8710,170.9241,165.4497,165.8220,1061244
2026-01-02,AAPL,165.5782,167.1418,165.3292,166.5850,1196308
2026-01-05,AAPL,167.0527,168.8081,166.6355,168.3461,1609244
2026-01-06,AAPL,168.0473,168.9991,167.4869,168.0976,1626536
2026-01-07,AAPL,168.7519,170.2874,168.4196,169.8654,871927
2026-01-08,AAPL,169.5352,171.0142,169.5315,170.6077,688025
2026-01-09,AAPL,169.6993,176.8448,168.1284,176.3960,1183501
2026-01-12,AAPL,176.2257,177.8331,174.3446,174.6679,988119
2026-01-13,AAPL,174.8823,176.8383,173.7086,175.0015,1017605
2026-01-14,AAPL,174.6024,178.4827,174.4757,176.8341,789959
2026-01-15,AAPL,175.9538,176.6272,173.6420,174.1996,1350422
2026-01-16,AAPL,173.7056,174.7043,168.4469,169.2090,1786859
2026-01-19,AAPL,170.7045,175.0685,169.1013,174.7375,871761
2026-01-20,AAPL,174.9122,175.3300,173.3030,173.4830,1246014
2026-01-21,AAPL,172.6993,176.6577,172.6684,173.8361,1192603
2026-01-22,AAPL,174.9211,174.9450,169.4690,170.0940,1306041
2026-01-23,AAPL,169.5102,170.3173,166.6302,168.5713,974079
2026-01-26,AAPL,167.7868,172.0530,167.5622,170.5935,1086786
2026-01-27,AAPL,168.9861,172.1137,167.2326,171.1524,1246850
2026-01-28,AAPL,171.5095,171.7689,166.4850,168.3990,1540712
2026-01-29,AAPL,167.5071,173.5590,167.3780,172.8726,1051818
2026-01-30,AAPL,173.4143,176.2406,172.6904,174.8808,1179147
2026-02-02,AAPL,174.9568,176.0368,174.8557,174.9444,1626958
2026-02-03,AAPL,174.8920,177.1899,174.7309,175.7234,1248410
2026-02-04,AAPL,175.4454,180.4771,174.0791,179.5048,844286
2026-02-05,AAPL,179.7161,184.9090,178.8631,183.8631,1404895
2026-02-06,AAPL,182.9158,183.6127,179.0451,179.7785,1086314
2026-02-09,AAPL,179.0554,179.9291,175.0794,175.8988,1317578
2026-02-10,AAPL,175.0695,175.3812,168.3820,169.6056,798480
2026-02-11,AAPL,169.7496,172.0888,166.8538,166.9606,1119904
2026-02-12,AAPL,167.3701,173.2230,166.6361,172.2462,1268013
2026-02-13,AAPL,172.6331,172.6400,168.5987,169.9505,1411469
2026-02-16,AAPL,170.9626,173.1705,170.9275,173.0328,1334762
2026-02-17,AAPL,173.6446,174.2913,172.3802,173.8276,1568756
2026-02-18,AAPL,173.3170,178.3327,173.1913,176.3711,1750224
2026-02-19,AAPL,176.7016,181.4905,176.6588,180.8380,1799367
2026-02-20,AAPL,182.1791,182.9648,179.9017,180.6473,1546006
2026-02-23,AAPL,180.8049,186.0315,180.1116,185.1323,1123150
2026-02-24,AAPL,185.4241,189.0315,184.1597,187.5812,982013
2026-02-25,AAPL,188.5345,189.6089,183.8831,185.0082,1134729
2026-02-26,AAPL,184.8388,186.1123,180.5182,180.9841,930355
2026-02-27,AAPL,182.2396,183.2163,178.7035,179.2591,1234066
2026-03-02,AAPL,177.4574,179.8796,177.3631,179.0605,1280309
2026-03-03,AAPL,178.2503,182.2083,176.5346,181.6421,1307948
2026-03-04,AAPL,181.2624,181.6306,179.6489,180.5147,1380062
2026-03-05,AAPL,179.6807,185.8833,178.7535,185.2457,942102
2026-03-06,AAPL,184.7564,184.9440,184.2656,184.9085,1486648
2026-03-09,AAPL,184.9772,186.6920,181.6457,182.6264,1074655
2026-03-10,AAPL,181.5894,183.2920,175.3840,175.5159,966047
2026-03-11,AAPL,176.2320,179.7273,174.8706,177.8042,1498123
2026-03-12,AAPL,177.1708,179.7179,176.3978,179.4527,867502
2026-03-13,AAPL,178.5285,183.1657,178.2423,181.4853,1028336
2026-03-16,AAPL,182.0017,182.7301,180.6402,180.9408,996547
2026-03-17,AAPL,180.5264,180.8018,173.7489,174.0873,992108
2026-03-18,AAPL,174.7697,181.5372,174.2711,179.3391,1500697
2026-03-19,AAPL,180.0593,181.8380,178.2013,179.2533,1277973
2026-03-20,AAPL,177.4804,182.8159,176.0894,181.7151,1372660
2026-03-23,AAPL,181.5174,182.5158,178.7110,178.7316,1536024
2026-03-24,AAPL,179.1902,180.8249,174.9574,175.8066,1167837
2026-03-25,AAPL,174.8950,177.9940,173.6650,176.1963,1388572
2026-03-26,AAPL,176.8538,177.4826,171.5734,171.9350,873531
2026-03-27,AAPL,172.2165,173.0901,171.6741,172.4737,1231405
2026-03-30,AAPL,173.0919,176.6923,172.7932,175.5946,918105
2026-03-31,AAPL,176.4983,177.1709,173.0829,174.2950,1494314
2026-04-01,AAPL,175.5102,175.5185,173.9358,174.0903,900345
2026-04-02,AAPL,173.7777,174.0939,167.3237,167.6224,1450168
2026-04-03,AAPL,167.8760,175.1751,167.6512,172.4578,922706
2026-04-06,AAPL,172.1542,173.8040,171.8687,173.1463,1260803
2026-04-07,AAPL,173.2237,176.9319,173.2024,175.0241,1613662
2026-04-08,AAPL,175.9603,179.0506,175.6685,177.8840,1363244
2026-04-09,AAPL,178.2859,179.1951,175.6776,177.6472,1272942
2026-04-10,AAPL,177.7037,178.5402,177.0806,177.1711,1203384
2026-04-13,AAPL,176.3509,177.5793,173.6399,175.4523,946211
2026-04-14,AAPL,174.7999,178.2769,173.1409,177.1258,1488112
2026-04-15,AAPL,178.0760,179.1371,174.0302,175.0938,1576414
2026-04-16,AAPL,176.4259,181.3701,175.5905,181.0389,984319
2026-04-17,AAPL,182.0505,183.8326,176.4045,177.2481,1009640
2026-04-20,AAPL,176.2909,177.4133,171.3352,172.6438,1301382
2026-04-21,AAPL,171.9205,172.5195,166.8405,167.1377,1186232
2026-04-22,AAPL,166.4183,167.2577,158.9519,161.3907,1201479
2026-04-23,AAPL,160.3828,167.1655,159.8688,164.6867,1483777
2026-04-24,AAPL,165.8743,166.5551,162.7118,162.9315,963996
2026-04-27,AAPL,162.6289,163.0252,159.5043,159.7160,1212094
2026-04-28,AAPL,158.8138,162.5964,157.1426,161.5234,598130
2026-04-29,AAPL,161.3048,166.6572,161.2304,166.5238,1091972
2026-04-30,AAPL,167.0935,167.4574,166.5180,167.0036,1378438
2026-05-01,AAPL,167.4355,169.4254,166.2803,167.4255,482253
2026-05-04,AAPL,168.5262,169.2967,167.8534,168.7040,957851
2026-05-05,AAPL,169.0428,171.5080,168.4983,171.0770,671295
2026-05-06,AAPL,169.7330,169.9262,168.0142,168.7131,1273570
2026-05-07,AAPL,168.7254,169.4380,162.1289,162.5014,1168387
2026-05-08,AAPL,162.3086,162.3657,159.2351,159.6143,1534143
2026-05-11,AAPL,159.7240,161.7205,159.4375,160.5958,1091757
2026-05-12,AAPL,159.9889,160.6201,159.5151,159.6744,862681
2026-05-13,AAPL,159.6633,160.3772,154.7696,156.1568,1346367
2026-05-14,AAPL,156.5083,158.5893,152.7329,153.3090,1070843
2026-05-15,AAPL,153.8670,154.1003,151.1419,151.5394,1379283
2026-05-18,AAPL,151.2277,155.3007,150.7752,154.9241,862562
2026-05-19,AAPL,155.0119,158.5142,153.4264,157.8149,1145700
2026-05-20,AAPL,158.2083,163.6740,156.9229,160.2274,968787
2026-05-21,AAPL,161.1932,167.9802,160.9138,166.6070,1392572
2026-05-22,AAPL,166.1940,166.7144,161.9760,162.8873,1140327
2026-05-25,AAPL,162.1050,174.0670,161.9493,172.5018,1324218
2026-05-26,AAPL,171.9132,174.3809,170.0225,173.6594,876449
2026-05-27,AAPL,173.4542,174.4507,167.3209,169.5865,677208
2026-05-28,AAPL,170.3133,174.5007,170.2090,174.3677,898045
2026-05-29,AAPL,174.5882,174.6330,169.9696,170.8843,1220577
2026-06-01,AAPL,170.1546,172.9365,169.4834,171.8269,982076
2026-06-02,AAPL,169.8232,169.9419,165.7503,167.1577,1445116
2026-06-03,AAPL,167.7903,169.5264,166.4017,169.0974,1281108
2026-06-04,AAPL,169.7654,172.1909,168.3418,171.9678,1158197
2026-06-05,AAPL,170.6429,178.4251,170.5284,177.3482,1244853
2026-06-08,AAPL,176.6040,181.2141,175.6121,180.9185,1452566
2026-06-09,AAPL,181.1420,181.3069,174.9101,175.5974,827242
2026-06-10,AAPL,175.3379,180.4028,174.7949,179.5270,1770221
2026-06-11,AAPL,180.4560,181.4777,178.1927,181.0635,1196751
2026-06-12,AAPL,182.3397,183.4489,181.1536,181.3884,1391147
2026-06-15,AAPL,180.7109,181.2125,176.5305,177.5411,1276559
2026-06-16,AAPL,177.2797,178.0747,171.0291,172.3567,1088243
2026-06-17,AAPL,172.5499,172.8209,171.1143,171.2314,1409428
2026-06-18,AAPL,171.6361,172.5122,169.1160,169.7819,1368287
2026-06-19,AAPL,169.0599,173.7691,168.3603,172.7601,1707204
2026-06-22,AAPL,171.8185,171.9557,166.5118,168.2284,1005061
2026-06-23,AAPL,168.8180,169.7368,167.9618,168.5560,690285
2026-06-24,AAPL,169.7882,169.9457,166.8519,167.9059,1550522
2026-06-25,AAPL,168.5888,170.3052,168.1159,169.4776,1399408
2026-06-26,AAPL,169.0797,170.9760,167.7525,168.7520,1101309
2026-06-29,AAPL,168.8032,170.7105,167.3633,167.7078,786556
2026-06-30,AAPL,167.1690,167.9180,165.7937,166.0678,1664000
2026-07-01,AAPL,166.0573,166.5109,157.6873,158.2461,1330215
2026-07-02,AAPL,158.4506,160.8474,157.7750,160.0859,1106439
2026-07-03,AAPL,160.3201,163.7171,158.9211,162.4366,814113
2026-07-06,AAPL,161.7489,164.4930,161.0282,164.3697,1372694
2026-07-07,AAPL,164.7315,167.1527,163.7527,166.8807,1096234
2026-07-08,AAPL,168.1952,168.6974,162.4828,163.1200,1573213
2026-07-09,AAPL,163.7668,165.1128,160.9855,161.1640,1230803
2026-07-10,AAPL,160.3006,162.7197,159.9059,161.1002,1036703
2026-07-13,AAPL,160.3992,161.3722,157.8758,158.5216,1357369
2026-07-14,AAPL,157.2507,159.7499,156.3060,158.0419,1347728
2026-07-15,AAPL,157.7666,165.4318,157.0645,163.6457,1435909
2026-07-16,AAPL,163.2728,164.8924,162.8616,164.2873,1109769
2026-07-17,AAPL,164.5382,164.8337,162.8751,163.3603,988928
2026-07-20,AAPL,163.1962,163.8625,163.1080,163.6324,1178332
2026-07-21,AAPL,163.8310,165.2468,162.1346,164.4623,1358897
2026-07-22,AAPL,164.0165,165.1546,163.2317,164.5361,1556316
2026-07-23,AAPL,163.5653,169.0645,162.4669,168.6711,1376126
2026-07-24,AAPL,168.8357,170.3685,167.9211,169.7947,1521734
2026-07-27,AAPL,169.5960,171.0276,168.9681,170.9841,721107
2026-07-28,AAPL,171.4130,172.4898,171.3073,171.5701,955402
2026-07-29,AAPL,171.4322,174.1134,171.0475,173.3823,1340547
2026-07-30,AAPL,172.7797,173.4692,165.6302,168.0846,1517203
2026-07-31,AAPL,168.1789,168.5179,167.8174,167.9867,1254817
2026-08-03,AAPL,167.5014,170.0304,167.0944,168.9458,1447802
2026-08-04,AAPL,168.7834,173.8352,168.5143,173.7258,1273566
2026-08-05,AAPL,173.9995,175.1671,171.5445,171.6818,1614512
2026-08-06,AAPL,171.5258,172.9869,164.9711,165.0087,933838
2026-08-07,AAPL,165.6068,167.1491,164.3041,165.8599,1100871
2026-08-10,AAPL,165.1266,166.3869,164.7970,164.8263,1101096
2026-08-11,AAPL,164.6935,166.9733,164.0630,165.9138,1129061
2026-08-12,AAPL,165.8387,174.8673,165.7061,173.4061,1414907
2026-08-13,AAPL,173.1081,174.3124,171.5836,173.0408,1492588
2026-08-14,AAPL,172.8012,174.3892,171.0857,174.3871,932869
2026-08-17,AAPL,173.7004,174.0908,172.0551,172.4650,1214249
2026-08-18,AAPL,172.4082,172.9450,169.5788,169.6926,881849
2026-08-19,AAPL,169.6405,170.0125,166.1574,168.3511,583873
2026-08-20,AAPL,168.7307,173.5369,167.7683,171.9431,1022227
2026-08-21,AAPL,171.5239,172.5241,164.7991,166.8449,1722718
2026-08-24,AAPL,166.8763,169.1119,165.4697,165.5232,1270322
2026-08-25,AAPL,164.8954,166.3021,159.9087,161.0705,1065915
2026-08-26,AAPL,161.3061,163.6219,160.7416,162.5492,814177
2026-08-27,AAPL,160.6291,168.8495,159.5488,167.5874,1677052
2026-08-28,AAPL,167.7468,172.5091,166.3150,170.9419,1166895
2026-08-31,AAPL,171.1031,172.5166,167.3057,169.1516,1213057
2026-09-01,AAPL,169.0554,173.3812,168.7613,170.9540,1283034
2026-09-02,AAPL,168.9825,169.6962,167.9040,168.6580,1465266
2026-09-03,AAPL,167.4157,174.7892,166.3541,173.5955,1298207
2026-09-04,AAPL,174.8185,174.9186,174.0730,174.6032,607542
2026-09-07,AAPL,174.4188,179.3581,174.3468,177.3448,1165403
2026-09-08,AAPL,177.1836,178.1911,174.2898,174.6352,1197996
2026-09-09,AAPL,173.8007,173.9168,171.5069,171.9820,932158
2026-09-10,AAPL,171.7033,171.8619,171.3055,171.5466,1465419
2026-09-11,AAPL,171.8437,172.2940,167.1131,168.7303,1276839
2026-09-14,AAPL,168.7646,169.7755,167.2008,167.2401,1003524
2026-09-15,AAPL,167.0495,169.7620,165.4066,169.0888,851973
2026-09-16,AAPL,167.0560,170.4652,166.5896,167.3515,1736380
2026-09-17,AAPL,167.7372,168.7247,166.7008,166.8282,1088032
2026-09-18,AAPL,166.9469,167.9656,161.4421,162.4806,1205272
2026-09-21,AAPL,162.3727,163.4349,161.1390,161.7464,1423364
2026-09-22,AAPL,160.5395,161.5740,157.5877,159.2694,1326315
2026-09-23,AAPL,159.3884,163.7075,158.6614,162.6812,864763
2026-09-24,AAPL,163.3870,164.9972,161.9519,163.3830,819835
2026-09-25,AAPL,164.4182,164.9581,163.6088,164.7729,1172989
2026-09-28,AAPL,165.0817,166.5114,164.3851,165.9427,1499017
2026-09-29,AAPL,163.6317,168.1626,162.8934,166.6027,1550175
2026-09-30,AAPL,168.3820,168.4736,165.5258,166.5957,1284764
2026-10-01,AAPL,165.7832,166.4831,162.2500,163.1340,1367825
2025-09-05,MSFT,420.1277,420.9160,408.7755,410.6267,651323
2025-09-08,MSFT,413.3298,425.8982,412.0832,424.2295,876558
2025-09-09,MSFT,424.9938,425.5252,418.8894,420.4056,995804
2025-09-10,MSFT,418.0259,421.0182,416.4920,417.1443,621119
2025-09-11,MSFT,416.9188,417.4140,408.4698,410.0074,706079
2025-09-12,MSFT,410.3673,416.8106,410.0955,413.0636,1008979
2025-09-15,MSFT,408.9186,416.3768,408.7073,416.0563,942534
2025-09-16,MSFT,415.8487,427.1467,413.8120,426.1650,978637
2025-09-17,MSFT,424.4535,429.8482,423.4052,427.8730,964754
2025-09-18,MSFT,425.8476,439.0174,424.4697,433.8522,628664
2025-09-19,MSFT,435.3982,435.6064,434.1671,434.9129,561330
2025-09-22,MSFT,434.7213,434.8902,417.6360,419.6750,932047
2025-09-23,MSFT,418.9260,422.2924,412.8165,413.5927,839023
2025-09-24,MSFT,412.5168,414.5047,411.7608,412.1733,829502
2025-09-25,MSFT,412.6569,428.9025,411.7357,426.8005,1084147
2025-09-26,MSFT,430.4159,432.6722,427.0779,427.6946,395456
2025-09-29,MSFT,425.5882,439.0317,422.2919,437.5230,1091912
2025-09-30,MSFT,440.0326,441.1094,433.2210,434.1576,536142
2025-10-01,MSFT,433.2796,437.8959,429.1501,435.4354,1086648
2025-10-02,MSFT,438.1337,439.8482,426.6024,428.8953,746962
2025-10-03,MSFT,427.2939,428.5180,423.7806,425.1411,596628
2025-10-06,MSFT,426.6055,428.3826,422.2770,422.6956,891560
2025-10-07,MSFT,420.2768,422.5801,417.1681,421.1058,487637
2025-10-08,MSFT,421.9174,427.4064,421.0677,422.3528,604188
2025-10-09,MSFT,422.4896,426.3664,410.8016,412.7195,749900
2025-10-10,MSFT,412.8223,415.5655,407.8482,408.2085,940334
2025-10-13,MSFT,407.4569,411.2037,402.1875,403.0109,784067
2025-10-14,MSFT,401.0645,408.0861,400.3711,406.9081,819275
2025-10-15,MSFT,405.7901,407.4804,400.6589,401.3396,798609
2025-10-16,MSFT,400.5466,403.2409,394.0093,394.9826,751674
2025-10-17,MSFT,393.6828,395.2103,391.1151,394.3709,659507
2025-10-20,MSFT,395.6556,396.6711,390.5692,392.3309,1107541
2025-10-21,MSFT,391.9120,394.8948,391.8728,392.7811,953123
2025-10-22,MSFT,391.8833,394.5904,389.6770,394.0176,984231
2025-10-23,MSFT,392.7384,394.5402,384.1629,387.3054,1136264
2025-10-24,MSFT,386.0245,394.9993,383.8687,394.4982,947604
2025-10-27,MSFT,393.8050,404.0062,391.5486,402.1835,895130
2025-10-28,MSFT,403.1258,411.0953,402.1171,409.6022,1124235
2025-10-29,MSFT,411.4116,412.2363,410.2813,410.3546,907490
2025-10-30,MSFT,411.2344,415.0248,403.6326,404.1793,1327633
2025-10-31,MSFT,404.1716,412.2301,403.3018,409.2026,989934
2025-11-03,MSFT,408.6168,418.7739,407.2986,418.0051,1113958
2025-11-04,MSFT,415.8952,425.6860,415.3928,425.6430,1033716
2025-11-05,MSFT,425.9059,426.8864,423.7619,426.6443,931596
2025-11-06,MSFT,426.1066,433.7738,425.7494,432.5999,844808
2025-11-07,MSFT,433.2954,452.3608,432.1864,449.5879,803431
2025-11-10,MSFT,447.4461,452.8500,446.0122,452.4269,699007
2025-11-11,MSFT,452.9731,459.3927,450.1086,459.2846,581431
2025-11-12,MSFT,460.3786,464.1846,458.0649,462.6814,911768
2025-11-13,MSFT,463.9359,464.2420,453.5662,459.4987,832604
2025-11-14,MSFT,459.2517,460.5830,443.2089,446.7043,1045444
2025-11-17,MSFT,447.0087,465.9204,446.4751,458.4102,928472
2025-11-18,MSFT,457.0376,459.9404,451.5717,453.1214,1118657
2025-11-19,MSFT,450.7925,463.5625,448.2935,460.5745,743463
2025-11-20,MSFT,462.1858,463.3470,443.1314,443.4452,957941
2025-11-21,MSFT,443.1994,443.7233,441.3163,443.4730,718103
2025-11-24,MSFT,442.6147,445.9888,437.0495,439.3682,973657
2025-11-25,MSFT,436.5751,436.6072,430.6794,432.0276,815294
2025-11-26,MSFT,430.8775,444.1916,426.6706,440.8670,657306
2025-11-27,MSFT,438.6480,446.6002,438.3049,446.4977,693532
2025-11-28,MSFT,446.5522,448.7204,440.1370,442.5839,1211345
2025-12-01,MSFT,442.8089,456.5170,442.0511,452.5415,1017550
2025-12-02,MSFT,450.2102,456.0237,449.3852,454.6345,852147
2025-12-03,MSFT,456.4101,458.7121,448.9605,450.9604,817999
2025-12-04,MSFT,451.8516,452.5194,445.6429,447.5713,705446
2025-12-05,MSFT,444.5377,455.8540,442.1366,455.4482,1029952
2025-12-08,MSFT,454.3469,455.4603,453.0399,455.0831,887363
2025-12-09,MSFT,451.8960,453.6681,451.7124,452.2142,892560
2025-12-10,MSFT,453.3710,453.9348,451.5690,453.8853,980731
2025-12-11,MSFT,454.8607,456.1022,443.8470,443.8963,527104
2025-12-12,MSFT,444.6255,445.0257,435.5365,439.7902,668584
2025-12-15,MSFT,440.0924,447.2823,436.6007,446.4833,1190375
2025-12-16,MSFT,442.9050,450.2678,442.6585,449.9730,1020360
2025-12-17,MSFT,447.5653,454.8963,444.6524,454.7659,658982
2025-12-18,MSFT,453.5671,457.1336,451.3968,451.4980,730008
2025-12-19,MSFT,449.3390,460.7211,448.4994,458.7516,776138
2025-12-22,MSFT,459.6543,461.9345,451.1902,453.1267,1235053
2025-12-23,MSFT,452.6756,458.3122,450.4701,456.1717,964832
2025-12-24,MSFT,458.3802,459.1404,455.3182,457.3676,971690
2025-12-25,MSFT,456.6334,457.1065,454.4199,456.6946,803681
2025-12-26,MSFT,461.0678,463.2392,451.5821,453.0162,725039
2025-12-29,MSFT,454.9289,455.0458,449.0556,451.3443,662423
2025-12-30,MSFT,452.1759,456.7079,450.6311,455.2364,1080620
2025-12-31,MSFT,455.7977,461.1201,455.6620,460.9355,815556
2026-01-01,MSFT,459.9212,462.9556,458.6196,460.6152,709424
2026-01-02,MSFT,459.3479,461.7255,457.9662,459.8582,788142
2026-01-05,MSFT,461.5728,466.9738,458.8943,466.5270,1006579
2026-01-06,MSFT,464.0961,466.6341,462.6008,465.5732,1029629
2026-01-07,MSFT,467.0976,469.0866,466.9137,468.6604,1071848
2026-01-08,MSFT,469.7242,478.3111,468.7441,473.4312,699093
2026-01-09,MSFT,471.6720,482.5340,469.4264,480.6324,1155467
2026-01-12,MSFT,479.1890,485.7594,476.4625,483.4564,787709
2026-01-13,MSFT,481.7347,486.6388,477.6455,477.8319,1023280
2026-01-14,MSFT,478.9754,488.1958,477.6901,487.9712,1065599
2026-01-15,MSFT,489.9048,497.7178,488.9195,496.0823,904833
2026-01-16,MSFT,498.1146,499.5876,494.5402,496.8368,672068
2026-01-19,MSFT,498.6425,500.2099,486.3969,487.7817,746849
2026-01-20,MSFT,486.4664,488.0076,480.5323,481.0896,1040205
2026-01-21,MSFT,479.1972,484.3154,478.1795,483.9573,957781
2026-01-22,MSFT,483.4670,491.3413,483.2804,488.8118,943292
2026-01-23,MSFT,490.3329,492.7135,482.8238,485.5825,899273
2026-01-26,MSFT,486.2149,488.1594,481.9492,487.7813,705438
2026-01-27,MSFT,487.8066,492.0570,487.4611,489.4905,844012
2026-01-28,MSFT,489.9224,490.3609,483.2684,484.6139,1031314
2026-01-29,MSFT,483.1908,499.2231,481.2674,497.1760,784469
2026-01-30,MSFT,497.7573,499.0415,492.8120,493.2375,1254357
2026-02-02,MSFT,491.8676,498.7266,491.2913,497.4332,615868
2026-02-03,MSFT,497.1308,509.2949,495.0879,506.6457,890296
2026-02-04,MSFT,506.7565,510.3135,485.2243,489.1326,976515
2026-02-05,MSFT,489.6724,492.1816,489.2769,489.4606,1350642
2026-02-06,MSFT,488.6246,500.3845,487.6663,496.0506,580875
2026-02-09,MSFT,496.4794,496.6195,489.5434,490.8311,1048517
2026-02-10,MSFT,491.8506,506.1780,490.9084,505.5819,1099550
2026-02-11,MSFT,502.9080,504.8192,500.9377,503.5443,685291
2026-02-12,MSFT,504.2355,519.6077,502.3950,515.9065,1016458
2026-02-13,MSFT,517.6233,525.2742,515.0796,523.0915,706640
2026-02-16,MSFT,524.8481,532.1153,523.9362,531.9515,1017989
2026-02-17,MSFT,532.8354,539.2708,531.7142,534.0944,1308801
2026-02-18,MSFT,537.3715,538.2599,524.3762,527.9577,855430
2026-02-19,MSFT,524.7249,529.2070,519.7002,520.8021,894315
2026-02-20,MSFT,519.3447,529.5070,519.0898,526.1817,1289906
2026-02-23,MSFT,525.6637,535.0469,523.7555,534.3483,796634
2026-02-24,MSFT,533.2920,538.6260,526.5877,526.8415,920738
2026-02-25,MSFT,526.6649,532.3543,523.9390,531.9211,1088438
2026-02-26,MSFT,530.1853,533.4457,525.4117,527.4300,1097830
2026-02-27,MSFT,527.9837,530.8700,513.4788,514.4362,897381
2026-03-02,MSFT,514.5680,519.4200,494.3369,498.6077,716164
2026-03-03,MSFT,500.4708,501.2337,494.3362,495.9284,903419
2026-03-04,MSFT,495.2840,496.3797,493.2309,494.1164,875115
2026-03-05,MSFT,492.5348,496.1133,492.4363,495.9531,1235027
2026-03-06,MSFT,493.1884,495.3649,483.1788,483.5394,939131
2026-03-09,MSFT,483.0932,487.3617,480.2305,485.4901,804625
2026-03-10,MSFT,483.6296,484.3859,479.5677,481.4656,965216
2026-03-11,MSFT,480.8803,499.5098,477.6417,497.9423,1011298
2026-03-12,MSFT,497.0866,498.1608,493.7563,493.9895,765406
2026-03-13,MSFT,492.6621,513.3612,492.0701,513.0645,1095198
2026-03-16,MSFT,512.3836,512.8211,507.1043,508.1148,576201
2026-03-17,MSFT,510.1036,514.2664,501.8517,503.0326,1167487
2026-03-18,MSFT,504.5812,505.8570,500.9262,502.3629,629861
2026-03-19,MSFT,502.2358,502.4214,489.5770,493.4929,777061
2026-03-20,MSFT,492.3078,495.9998,483.0010,486.5849,586797
2026-03-23,MSFT,486.8017,490.4148,467.7953,469.4028,445880
2026-03-24,MSFT,467.5195,468.1051,461.9055,463.2736,697888
2026-03-25,MSFT,463.2315,463.9932,456.9711,458.8814,754496
2026-03-26,MSFT,459.8298,460.6732,442.2887,444.8916,986612
2026-03-27,MSFT,446.0618,449.6687,445.0789,447.0170,859774
2026-03-30,MSFT,446.4337,449.9071,442.9745,445.2687,933910
2026-03-31,MSFT,445.3506,459.2012,444.3067,458.9294,1150975
2026-04-01,MSFT,459.7591,465.8820,457.6219,464.8320,796640
2026-04-02,MSFT,462.9254,467.1857,462.0210,466.3525,889209
2026-04-03,MSFT,466.3526,468.5825,461.3778,467.0666,421173
2026-04-06,MSFT,466.0275,473.3047,464.7156,467.6936,1056623
2026-04-07,MSFT,469.2967,470.4593,464.6439,466.9979,1277218
2026-04-08,MSFT,467.0071,468.4689,457.3369,457.5102,900799
2026-04-09,MSFT,452.7417,457.2399,450.3603,451.8534,1116662
2026-04-10,MSFT,450.8214,452.3697,438.0000,443.1502,1077837
2026-04-13,MSFT,443.5304,444.0840,441.8778,443.0941,1014863
2026-04-14,MSFT,443.5399,444.5039,441.3420,441.6183,604714
2026-04-15,MSFT,438.2210,445.6915,435.3741,442.6588,911119
2026-04-16,MSFT,444.6296,455.6948,440.2275,454.6620,865587
2026-04-17,MSFT,453.0159,457.4727,452.6385,456.2084,766119
2026-04-20,MSFT,454.7840,467.6901,452.1119,466.5230,784177
2026-04-21,MSFT,466.4973,467.8569,461.6906,463.9352,957861
2026-04-22,MSFT,466.3646,469.5927,453.7900,456.0545,1206514
2026-04-23,MSFT,454.0858,455.6623,444.5032,447.6392,707392
2026-04-24,MSFT,446.0116,447.7471,442.2087,443.6458,1061614
2026-04-27,MSFT,441.8408,450.0343,437.3018,447.7754,654603
2026-04-28,MSFT,449.0435,451.1875,435.4475,441.1810,633229
2026-04-29,MSFT,441.9937,451.8333,441.7989,450.7786,1094923
2026-04-30,MSFT,450.9828,461.3444,448.6187,459.8831,892514
2026-05-01,MSFT,458.9956,460.7418,457.9785,460.3953,392242
2026-05-04,MSFT,459.2536,460.1022,446.8700,449.5813,921360
2026-05-05,MSFT,451.1359,452.4290,444.9901,450.2471,840208
2026-05-06,MSFT,448.3297,451.0697,441.8848,443.0081,798824
2026-05-07,MSFT,443.0872,444.4167,437.4914,438.3531,474766
2026-05-08,MSFT,440.4630,443.9116,436.2531,440.4087,1023090
2026-05-11,MSFT,439.1209,445.8712,438.8830,443.4325,789065
2026-05-12,MSFT,444.0389,447.7409,442.6838,446.9913,1345024
2026-05-13,MSFT,446.5804,451.3588,444.3583,450.3681,1012116
2026-05-14,MSFT,451.5864,453.0407,448.9291,451.6449,1004546
2026-05-15,MSFT,452.2979,455.0249,449.3594,453.9678,673618
2026-05-18,MSFT,452.8270,457.1043,452.0328,457.0647,897601
2026-05-19,MSFT,458.6965,461.9898,446.6652,447.4710,980727
2026-05-20,MSFT,447.5041,448.6346,440.0364,444.5248,868072
2026-05-21,MSFT,446.1427,448.4229,440.6442,441.4111,476697
2026-05-22,MSFT,441.7970,442.3953,434.9577,438.0803,1096921
2026-05-25,MSFT,434.0984,435.8298,429.7492,432.8454,983567
2026-05-26,MSFT,433.5378,433.6382,432.7631,432.7887,727362
2026-05-27,MSFT,431.9071,436.5622,431.7392,435.1819,1202286
2026-05-28,MSFT,432.9033,441.7784,431.1552,439.9169,1182982
2026-05-29,MSFT,440.5158,441.0450,436.4010,438.3968,1189509
2026-06-01,MSFT,437.4076,439.1417,432.3438,433.9728,392545
2026-06-02,MSFT,432.0466,441.4166,429.0031,439.6959,654255
2026-06-03,MSFT,439.1598,440.6183,434.6719,435.6669,930977
2026-06-04,MSFT,435.5806,435.8709,417.7889,419.0129,1228690
2026-06-05,MSFT,417.7899,426.2669,416.8587,424.0808,1190073
2026-06-08,MSFT,424.9418,426.2733,424.6762,426.1798,521668
2026-06-09,MSFT,427.0048,427.5319,424.2672,424.8818,763472
2026-06-10,MSFT,424.6820,427.7420,423.7139,425.6362,718632
2026-06-11,MSFT,422.4174,431.8575,419.6766,430.2728,807486
2026-06-12,MSFT,431.6739,431.8996,430.0028,430.6408,398514
2026-06-15,MSFT,429.0222,438.8118,427.2464,434.3865,790357
2026-06-16,MSFT,433.3479,435.9683,425.9603,426.6076,458979
2026-06-17,MSFT,428.6397,429.2668,418.6130,419.0134,786665
2026-06-18,MSFT,419.1906,420.0179,409.7541,412.9987,829373
2026-06-19,MSFT,414.4596,415.5936,400.7538,402.4716,1168738
2026-06-22,MSFT,403.1025,403.5531,394.2374,395.0631,951781
2026-06-23,MSFT,396.1823,397.0178,394.2505,395.3800,669800
2026-06-24,MSFT,395.8390,398.2188,393.2127,397.4941,891430
2026-06-25,MSFT,398.7910,399.0843,398.6671,398.9071,1065790
2026-06-26,MSFT,401.8610,402.5068,399.1442,399.3617,960122
2026-06-29,MSFT,400.4447,401.6219,394.7412,395.4267,668308
2026-06-30,MSFT,394.7193,395.1819,390.0852,393.1435,648562
2026-07-01,MSFT,393.5470,400.2146,391.3773,399.8037,509270
2026-07-02,MSFT,402.0946,403.6310,398.1520,399.2772,762364
2026-07-03,MSFT,396.6593,399.3521,395.9105,397.9365,952473
2026-07-06,MSFT,397.4056,401.4682,393.0890,400.2777,1171544
2026-07-07,MSFT,399.3713,402.4182,396.7564,397.8241,627736
2026-07-08,MSFT,394.9047,414.2465,394.7855,411.1046,1031393
2026-07-09,MSFT,410.7303,419.2911,408.8732,417.4431,966114
2026-07-10,MSFT,419.2580,420.5594,404.7165,405.9443,1009642
2026-07-13,MSFT,404.2119,407.3959,392.5928,396.6162,616930
2026-07-14,MSFT,397.2880,397.3855,394.8374,395.5143,946447
2026-07-15,MSFT,396.1582,396.3568,390.0766,392.0697,980324
2026-07-16,MSFT,394.0731,396.3845,387.8625,388.3307,1151629
2026-07-17,MSFT,389.7505,396.5481,387.5773,395.1410,1140148
2026-07-20,MSFT,396.6975,400.0089,395.5322,396.6683,793063
2026-07-21,MSFT,397.4227,404.6193,397.1334,404.3931,849340
2026-07-22,MSFT,404.6926,407.0404,399.0914,400.6671,854873
2026-07-23,MSFT,401.4151,404.5083,393.8929,396.1367,879107
2026-07-24,MSFT,397.6355,399.8142,394.9057,396.9772,1103484
2026-07-27,MSFT,397.4073,397.7258,389.9291,390.1709,1056475
2026-07-28,MSFT,392.8211,393.1784,391.1159,391.5639,859181
2026-07-29,MSFT,392.3226,394.9969,390.5539,394.1836,943890
2026-07-30,MSFT,394.7955,405.2269,391.0697,405.2219,825802
2026-07-31,MSFT,404.4053,408.4036,402.8821,408.3027,443346
2026-08-03,MSFT,408.9833,414.4643,408.6763,413.4253,857201
2026-08-04,MSFT,412.3235,423.0191,410.2249,422.5967,1022279
2026-08-05,MSFT,421.8155,423.1933,417.3739,418.3004,941418
2026-08-06,MSFT,417.0974,418.3156,407.3273,411.1403,1176419
2026-08-07,MSFT,412.5040,413.7693,410.1387,412.1198,1001536
2026-08-10,MSFT,414.3954,415.3192,411.0735,413.1032,707316
2026-08-11,MSFT,412.0257,414.0424,410.3044,410.7742,863835
2026-08-12,MSFT,412.4352,413.9461,409.8119,410.8193,1142551
2026-08-13,MSFT,412.6042,413.1604,399.7774,400.3499,766625
2026-08-14,MSFT,400.6001,404.5235,397.9469,404.1773,700418
2026-08-17,MSFT,407.4617,408.2589,403.3057,404.0423,861337
2026-08-18,MSFT,404.4014,409.5880,402.9553,408.6888,742040
2026-08-19,MSFT,408.8034,416.1532,407.4746,414.9663,1018912
2026-08-20,MSFT,416.4143,420.8564,415.5165,420.1549,775714
2026-08-21,MSFT,420.9113,423.9751,416.8377,419.2506,506018
2026-08-24,MSFT,421.7777,427.2029,421.6832,424.2854,876993
2026-08-25,MSFT,422.1999,428.9127,421.4193,427.0615,1236824
2026-08-26,MSFT,426.9743,429.2155,425.0235,427.7408,722994
2026-08-27,MSFT,429.6601,430.5074,416.6856,417.2108,1027585
2026-08-28,MSFT,415.4342,426.6424,414.7062,426.0162,607044
2026-08-31,MSFT,425.0503,425.1297,417.4561,418.7891,869480
2026-09-01,MSFT,420.8790,421.1321,418.1111,420.8208,1128803
2026-09-02,MSFT,417.4294,426.4192,417.0777,425.5416,709130
2026-09-03,MSFT,425.6007,434.8117,424.7485,434.2364,1193837
2026-09-04,MSFT,433.5648,433.8299,426.6283,427.3959,869260
2026-09-07,MSFT,424.8542,433.7216,422.5256,432.1794,812849
2026-09-08,MSFT,434.0078,435.6189,428.3907,430.7837,886296
2026-09-09,MSFT,429.1838,437.2556,427.3624,433.5477,999232
2026-09-10,MSFT,433.1143,448.1240,430.2496,444.1573,978529
2026-09-11,MSFT,443.4188,446.4068,441.9929,443.8633,707103
2026-09-14,MSFT,446.5105,449.3055,445.0535,445.8982,1028949
2026-09-15,MSFT,447.5892,452.6803,445.9471,451.2722,663360
2026-09-16,MSFT,450.5459,451.5137,442.7640,443.0056,755449
2026-09-17,MSFT,443.8286,447.2045,436.0439,439.2415,973342
2026-09-18,MSFT,439.7392,444.0159,438.5569,443.4575,1178963
2026-09-21,MSFT,442.0228,442.4627,438.6018,439.1380,710600
2026-09-22,MSFT,439.2113,443.0868,436.0443,442.9850,1183066
2026-09-23,MSFT,446.1930,447.5178,440.1180,440.1338,618954
2026-09-24,MSFT,438.9627,443.3833,435.5193,442.0558,998621
2026-09-25,MSFT,442.3356,443.1074,441.0038,441.3498,722830
2026-09-28,MSFT,439.7790,440.4840,430.2683,432.0363,891320
2026-09-29,MSFT,431.4010,437.8849,426.7094,435.3947,671817
2026-09-30,MSFT,435.8433,437.0115,428.0607,429.1094,1053607
2026-10-01,MSFT,430.0581,431.7280,424.5818,424.8251,879139
2025-09-05,NVDA,116.1262,118.9968,115.3815,117.8837,2198818
2025-09-08,NVDA,117.1816,125.0962,116.1479,123.0579,2184386
2025-09-09,NVDA,121.9218,127.8354,119.2780,127.5336,1893524
2025-09-10,NVDA,127.0813,134.3365,126.3140,132.9436,1827783
2025-09-11,NVDA,131.1733,134.2556,130.8213,133.9564,1904767
2025-09-12,NVDA,134.1062,140.0457,133.9108,138.9838,2714262
2025-09-15,NVDA,138.5855,139.8786,132.3861,135.0868,2530161
2025-09-16,NVDA,134.2246,140.1416,132.7524,137.8464,1716573
2025-09-17,NVDA,138.7384,141.7808,138.4209,140.8937,2378161
2025-09-18,NVDA,137.4347,146.7217,136.2340,143.4011,2515077
2025-09-19,NVDA,144.4051,144.7014,132.8157,136.3112,2763693
2025-09-22,NVDA,136.2248,138.2627,128.9671,131.2793,3092477
2025-09-23,NVDA,132.5774,134.8400,127.8350,128.9975,2377831
2025-09-24,NVDA,130.4547,130.5544,125.9537,126.9805,1590705
2025-09-25,NVDA,126.7636,129.1221,123.4999,124.6939,1832350
2025-09-26,NVDA,125.2774,127.2851,125.0926,126.1444,1685170
2025-09-29,NVDA,125.1913,129.4792,123.5331,128.7733,2477551
2025-09-30,NVDA,128.5468,130.1584,128.0062,128.6905,1814012
2025-10-01,NVDA,128.2324,128.3627,127.3327,127.3771,2066197
2025-10-02,NVDA,128.9713,130.5481,121.4392,123.7184,789530
2025-10-03,NVDA,121.6909,122.3761,118.2235,120.2560,2032732
2025-10-06,NVDA,120.4543,123.8590,120.3444,122.8329,1719542
2025-10-07,NVDA,124.6390,131.9174,124.3971,130.3941,2346234
2025-10-08,NVDA,128.8636,129.9380,126.6959,127.2360,1489807
2025-10-09,NVDA,129.1144,130.9398,128.9557,129.0967,2624503
2025-10-10,NVDA,129.2642,131.8111,125.7387,131.5296,2284332
2025-10-13,NVDA,130.7843,136.6319,130.4158,133.3523,1644244
2025-10-14,NVDA,135.3105,135.5988,128.9780,129.2886,2133516
2025-10-15,NVDA,129.5437,131.1835,127.4028,128.6988,2168732
2025-10-16,NVDA,129.0037,129.8160,127.3156,129.5700,1559379
2025-10-17,NVDA,129.8855,138.9529,127.2019,136.9448,1703418
2025-10-20,NVDA,136.2181,142.9671,136.0955,142.9110,2416196
2025-10-21,NVDA,143.3938,148.2028,142.1999,145.4727,2485683
2025-10-22,NVDA,144.2266,144.6987,135.1774,135.9476,2149242
2025-10-23,NVDA,134.8800,143.1615,134.4121,139.7221,2094917
2025-10-24,NVDA,139.6955,141.7986,138.6521,141.3341,1637366
2025-10-27,NVDA,140.2215,140.6574,139.5499,140.2343,2235862
2025-10-28,NVDA,139.6071,148.4753,139.4044,146.5829,1957378
2025-10-29,NVDA,146.7198,146.7818,143.2524,145.9124,2448767
2025-10-30,NVDA,146.5265,154.2620,146.0765,152.9972,2562560
2025-10-31,NVDA,152.8949,155.1764,146.6258,147.2381,2852268
2025-11-03,NVDA,147.7778,164.1291,147.6651,163.1697,1972837
2025-11-04,NVDA,164.0527,165.0596,162.0856,162.2059,2001133
2025-11-05,NVDA,161.7882,162.2178,149.0465,153.1561,1935773
2025-11-06,NVDA,154.0995,156.9934,153.8418,154.8771,2217412
2025-11-07,NVDA,154.8263,157.8749,150.4770,151.9338,1795848
2025-11-10,NVDA,150.8948,154.3038,150.6048,152.6782,2468449
2025-11-11,NVDA,152.1292,165.4191,151.5347,162.8049,2323853
2025-11-12,NVDA,158.9753,163.2906,157.9425,162.7082,2013504
2025-11-13,NVDA,160.4751,161.0461,157.3126,158.7023,1784367
2025-11-14,NVDA,156.3408,160.5074,154.8458,159.3889,2758451
2025-11-17,NVDA,157.7644,157.7960,149.7570,149.9602,2410267
2025-11-18,NVDA,149.5058,150.9370,144.7205,147.2702,2148618
2025-11-19,NVDA,147.3294,153.4229,144.9224,151.8771,1130225
2025-11-20,NVDA,152.3032,160.1895,149.9407,158.6654,1337707
2025-11-21,NVDA,156.8998,157.7617,150.2912,150.6499,1844039
2025-11-24,NVDA,151.9319,157.2140,151.8813,156.9123,1931179
2025-11-25,NVDA,158.3066,160.2981,157.5619,159.6662,2903182
2025-11-26,NVDA,158.2227,171.1078,157.2473,169.9692,2357375
2025-11-27,NVDA,171.4194,172.0869,160.9944,162.0633,1753415
2025-11-28,NVDA,160.8369,161.1208,156.7745,157.0497,1377389
2025-12-01,NVDA,158.6901,159.9317,152.7771,153.3589,1477678
2025-12-02,NVDA,154.0894,162.0518,150.6112,161.6587,2635861
2025-12-03,NVDA,162.1169,163.1654,158.9244,159.0786,2273090
2025-12-04,NVDA,158.1989,172.4919,157.4883,170.8352,2040282
2025-12-05,NVDA,170.8777,173.6859,170.8758,171.8784,2250877
2025-12-08,NVDA,171.2583,172.3100,169.1710,169.7242,1980993
2025-12-09,NVDA,170.7044,171.1022,169.6253,170.8551,2508536
2025-12-10,NVDA,167.9957,172.7870,167.3146,171.6986,1239019
2025-12-11,NVDA,170.3391,172.7355,158.7753,160.6156,1484908
2025-12-12,NVDA,157.7263,178.7687,156.6302,176.9340,2732505
2025-12-15,NVDA,175.1942,182.6155,173.8296,180.6024,1725699
2025-12-16,NVDA,181.4632,184.3575,176.5052,180.1740,2367535
2025-12-17,NVDA,177.6338,184.6702,172.5676,183.2557,2351353
2025-12-18,NVDA,181.9602,186.5002,168.0901,172.5514,2041048
2025-12-19,NVDA,171.6004,173.7660,169.5892,169.6301,2563009
2025-12-22,NVDA,168.9701,170.2698,166.0580,167.0732,2655053
2025-12-23,NVDA,165.6629,168.3260,164.1459,164.3202,2312690
2025-12-24,NVDA,163.0329,177.3353,161.6034,173.6837,1695956
2025-12-25,NVDA,174.1574,179.6375,173.2414,178.9147,1738301
2025-12-26,NVDA,179.0898,182.6549,170.8274,173.7554,1780180
2025-12-29,NVDA,174.5415,176.8885,172.9656,175.5878,2811802
2025-12-30,NVDA,176.5676,182.4151,174.6385,179.7646,2388917
2025-12-31,NVDA,181.7116,184.4416,168.5165,169.6173,2849694
2026-01-01,NVDA,170.3237,177.0206,166.7719,174.5939,1777051
2026-01-02,NVDA,175.7678,176.8429,165.8457,167.4450,2181933
2026-01-05,NVDA,168.9074,171.2226,164.9260,165.8217,2060969
2026-01-06,NVDA,167.4391,169.8529,150.7086,151.4112,2240284
2026-01-07,NVDA,152.1614,154.4161,150.2443,150.6760,2745852
2026-01-08,NVDA,150.8008,164.3501,149.5403,161.0043,2264031
2026-01-09,NVDA,157.9758,166.8128,156.2570,166.2940,2395078
2026-01-12,NVDA,165.5487,166.3786,162.5835,163.3674,1102802
2026-01-13,NVDA,163.9153,173.4554,161.4783,170.6848,1264088
2026-01-14,NVDA,171.0381,173.4831,170.4435,171.3371,2348864
2026-01-15,NVDA,172.8888,173.0700,165.8763,167.0762,3253903
2026-01-16,NVDA,165.6990,168.5120,165.2703,168.4408,2974086
2026-01-19,NVDA,169.4907,171.5528,159.8407,160.3381,2385458
2026-01-20,NVDA,156.2230,171.4673,152.0086,168.9517,1844163
2026-01-21,NVDA,170.7660,171.9379,168.6924,170.4401,2654233
2026-01-22,NVDA,171.8782,172.7580,168.7346,172.5594,2171701
2026-01-23,NVDA,172.6335,175.6551,169.2192,173.4476,2119870
2026-01-26,NVDA,173.6497,174.6870,163.0201,166.0620,2116203
2026-01-27,NVDA,166.8475,170.6058,166.3944,168.2332,1805149
2026-01-28,NVDA,167.4564,167.7194,162.2652,162.7504,970585
2026-01-29,NVDA,162.9145,180.7675,162.2923,175.7628,1976906
2026-01-30,NVDA,175.7296,180.1265,169.4511,170.5344,2698373
2026-02-02,NVDA,173.5422,177.4134,172.2830,172.4861,1932039
2026-02-03,NVDA,171.8002,173.3845,167.4785,169.6617,1610237
2026-02-04,NVDA,168.3605,176.2434,167.6662,174.3890,1981298
2026-02-05,NVDA,175.6591,186.1338,174.6107,184.4790,2983190
2026-02-06,NVDA,184.1522,195.8983,182.1855,192.4603,1807958
2026-02-09,NVDA,193.8493,194.1305,185.9259,188.3238,2040667
2026-02-10,NVDA,189.8751,192.0150,183.3825,184.1942,2227953
2026-02-11,NVDA,184.9640,186.3366,172.6549,174.4104,2638085
2026-02-12,NVDA,175.2302,176.1623,171.1193,174.4840,1913288
2026-02-13,NVDA,174.5176,183.1748,173.9158,180.2598,1946650
2026-02-16,NVDA,178.2481,190.6575,174.3188,188.9845,1994463
2026-02-17,NVDA,192.3854,205.6705,190.4690,205.3502,2971873
2026-02-18,NVDA,206.5591,208.4904,196.6739,197.8336,2291350
2026-02-19,NVDA,198.3549,199.3199,183.8664,186.0722,1614160
2026-02-20,NVDA,184.7008,200.5521,183.7658,198.9577,2575653
2026-02-23,NVDA,198.1321,199.2079,195.5586,198.3788,2934366
2026-02-24,NVDA,195.0529,205.8447,192.8108,205.2381,2391023
2026-02-25,NVDA,202.9557,205.5019,200.2479,204.7553,1452940
2026-02-26,NVDA,203.2585,203.5087,199.6023,199.6370,1953737
2026-02-27,NVDA,198.8576,223.5347,195.5216,222.2440,2406795
2026-03-02,NVDA,220.6578,230.0856,218.6349,229.7539,2575940
2026-03-03,NVDA,229.6055,232.2086,226.4094,231.3749,1787064
2026-03-04,NVDA,226.0002,235.7349,224.6887,231.6250,1751033
2026-03-05,NVDA,233.3354,248.6600,229.3600,247.8176,1554256
2026-03-06,NVDA,246.3547,263.1430,243.5490,261.2828,1656490
2026-03-09,NVDA,265.6082,268.9349,261.7549,268.8979,2285171
2026-03-10,NVDA,269.0719,273.5359,265.2777,271.4215,1829663
2026-03-11,NVDA,272.7016,273.7627,264.1490,268.8956,2165431
2026-03-12,NVDA,267.7583,274.5473,263.4943,273.5940,1227237
2026-03-13,NVDA,276.8863,302.0820,276.2642,293.3229,2618229
2026-03-16,NVDA,293.6393,294.3855,290.5319,291.0774,2043708
2026-03-17,NVDA,290.3831,295.4002,289.4063,292.0470,2106700
2026-03-18,NVDA,292.2304,302.9353,288.0453,298.6527,1622578
2026-03-19,NVDA,304.3873,318.1416,304.3186,312.1342,2871477
2026-03-20,NVDA,313.3568,317.7094,290.6387,294.8686,1838674
2026-03-23,NVDA,291.8555,307.2113,283.7596,305.8826,2124026
2026-03-24,NVDA,304.9616,305.7203,299.4313,304.7902,2256861
2026-03-25,NVDA,301.1475,305.5525,298.2328,303.7304,2695060
2026-03-26,NVDA,300.4197,302.9160,298.7362,302.0466,1421816
2026-03-27,NVDA,303.6429,304.4284,286.6364,288.4379,2375260
2026-03-30,NVDA,287.4315,290.4694,282.8980,288.4793,2370700
2026-03-31,NVDA,291.1638,294.5870,282.1089,287.6713,2263512
2026-04-01,NVDA,292.3322,293.2163,273.2402,278.4270,1134385
2026-04-02,NVDA,278.1546,280.8732,265.5696,271.2852,2399050
2026-04-03,NVDA,273.5450,280.8532,266.2422,276.3572,2029186
2026-04-06,NVDA,277.5920,287.9946,275.3884,284.5309,1971654
2026-04-07,NVDA,285.7959,305.6236,274.8013,302.7003,2495179
2026-04-08,NVDA,300.8503,304.6433,297.3583,300.2474,1792364
2026-04-09,NVDA,302.4271,305.5676,300.8354,301.6259,1662728
2026-04-10,NVDA,306.0094,306.5932,302.5110,303.0103,1692225
2026-04-13,NVDA,303.7837,307.8313,302.4352,306.5141,2600484
2026-04-14,NVDA,306.4229,307.1191,298.5686,300.4755,1719316
2026-04-15,NVDA,303.3977,306.7093,287.1624,289.6485,1913738
2026-04-16,NVDA,292.4788,294.0618,290.5587,291.3702,1695910
2026-04-17,NVDA,291.8437,313.3894,289.0934,310.8862,2311675
2026-04-20,NVDA,314.1302,316.6036,313.0761,315.5779,2510729
2026-04-21,NVDA,314.7879,330.5758,312.8903,327.0139,2930807
2026-04-22,NVDA,327.9330,333.2614,326.7153,330.2219,1439632
2026-04-23,NVDA,332.0351,337.6923,327.3348,334.9059,1602437
2026-04-24,NVDA,334.5222,355.4292,330.8856,353.7376,2591796
2026-04-27,NVDA,355.4283,357.1922,343.2442,344.2819,2511275
2026-04-28,NVDA,344.1758,347.4116,342.1238,345.3107,2169029
2026-04-29,NVDA,347.5318,348.2458,336.8591,340.7487,1549002
2026-04-30,NVDA,340.1371,349.7722,338.2099,347.9463,1818829
2026-05-01,NVDA,347.5036,347.9812,334.3186,339.4086,2434389
2026-05-04,NVDA,340.6359,343.7548,333.7557,334.8416,2395606
2026-05-05,NVDA,332.9682,357.1226,331.2892,349.8856,1690921
2026-05-06,NVDA,352.2362,352.9498,342.0227,343.9289,1870038
2026-05-07,NVDA,339.3349,347.5752,325.3320,345.7788,1602616
2026-05-08,NVDA,342.2207,349.2205,334.1191,345.8282,2114246
2026-05-11,NVDA,348.0250,352.7050,324.9879,333.1742,2156971
2026-05-12,NVDA,331.3609,342.9422,329.2298,341.8191,1704363
2026-05-13,NVDA,341.8798,347.1059,324.7431,326.7632,2503299
2026-05-14,NVDA,326.3740,331.5422,325.6323,329.9458,1545943
2026-05-15,NVDA,329.6168,343.5498,328.6758,333.2808,2027530
2026-05-18,NVDA,332.7059,333.1200,321.6234,322.9854,2422984
2026-05-19,NVDA,324.0610,331.3715,296.2183,301.7821,2411767
2026-05-20,NVDA,301.1676,319.7011,300.3790,313.0110,2597688
2026-05-21,NVDA,313.6226,315.6308,305.8386,308.2154,2048384
2026-05-22,NVDA,305.0787,317.1575,303.5864,314.0811,2877400
2026-05-25,NVDA,314.8336,321.4673,293.3387,295.1585,2225561
2026-05-26,NVDA,293.2773,303.5440,291.2038,299.7591,1704841
2026-05-27,NVDA,302.6297,302.7909,291.8346,292.6409,2851018
2026-05-28,NVDA,295.4815,298.9768,292.4400,297.5033,1692982
2026-05-29,NVDA,291.6819,305.6303,289.9290,302.1129,1704986
2026-06-01,NVDA,301.2189,306.4179,284.1984,288.5816,1505886
2026-06-02,NVDA,286.3107,295.7688,282.2178,295.6649,2681728
2026-06-03,NVDA,300.7106,303.7076,300.4678,300.7876,2552465
2026-06-04,NVDA,298.4995,307.6465,296.3082,306.9564,2105417
2026-06-05,NVDA,305.1327,306.2587,298.4736,304.2182,2808469
2026-06-08,NVDA,308.6444,310.5941,275.3680,275.9754,1878910
2026-06-09,NVDA,275.5101,281.5796,273.8404,277.7393,1654274
2026-06-10,NVDA,273.4881,288.2035,271.5435,280.3992,1915766
2026-06-11,NVDA,279.9868,282.3374,269.3496,273.8328,1484654
2026-06-12,NVDA,276.6200,277.6775,265.4864,265.5489,2294545
2026-06-15,NVDA,266.2387,268.4416,260.2187,263.0134,2748489
2026-06-16,NVDA,262.2950,266.2805,248.2245,249.2933,1694790
2026-06-17,NVDA,249.3022,252.9505,241.8574,242.1474,2940352
2026-06-18,NVDA,244.8336,255.2980,242.2504,251.7714,1561065
2026-06-19,NVDA,251.2779,257.9570,247.9624,257.0051,2183540
2026-06-22,NVDA,259.5373,263.4932,238.4897,238.9430,2343613
2026-06-23,NVDA,238.6099,239.0210,230.7228,232.9181,792705
2026-06-24,NVDA,228.0122,245.7918,227.6152,242.7194,2665428
2026-06-25,NVDA,240.4699,246.8243,236.9832,242.8716,1615946
2026-06-26,NVDA,243.3250,246.3499,241.1404,243.6214,1287390
2026-06-29,NVDA,241.4261,247.4972,240.2095,242.9521,2608286
2026-06-30,NVDA,243.6547,245.5701,240.0398,243.9748,3219070
2026-07-01,NVDA,242.3737,258.2390,235.1232,256.8166,2024466
2026-07-02,NVDA,258.2327,259.0940,250.6158,251.5112,2414032
2026-07-03,NVDA,252.2855,253.1381,234.5300,241.4786,2315354
2026-07-06,NVDA,241.4628,245.6328,230.3094,232.9914,2052252
2026-07-07,NVDA,233.8965,240.1894,230.5551,238.7724,2595450
2026-07-08,NVDA,237.6919,238.1913,227.1060,230.7259,2617129
2026-07-09,NVDA,230.1785,249.0202,229.9917,243.2795,2350573
2026-07-10,NVDA,245.9077,264.0616,243.3424,260.6421,1430778
2026-07-13,NVDA,262.3846,264.7339,252.5889,253.0116,2456313
2026-07-14,NVDA,253.5644,264.9526,253.0657,256.9141,1717201
2026-07-15,NVDA,258.4162,263.0843,253.1629,259.1361,2350074
2026-07-16,NVDA,256.2682,259.3834,245.9365,248.0397,2014573
2026-07-17,NVDA,244.6636,245.3348,236.7513,241.7771,1926665
2026-07-20,NVDA,243.1427,248.6820,229.2695,235.3497,2059696
2026-07-21,NVDA,236.2853,239.9047,227.8469,230.9766,1625893
2026-07-22,NVDA,232.6712,241.1175,230.4611,239.6205,2260771
2026-07-23,NVDA,240.1298,259.6589,238.8979,254.9387,1858257
2026-07-24,NVDA,253.9455,267.4193,252.7882,263.0752,1830317
2026-07-27,NVDA,260.5477,269.6218,253.4252,268.0366,2317985
2026-07-28,NVDA,272.3805,275.2228,265.3695,266.0354,1701895
2026-07-29,NVDA,264.2844,267.8374,255.8918,258.3668,1952556
2026-07-30,NVDA,253.4149,261.0611,249.8584,256.3229,2392974
2026-07-31,NVDA,257.6097,261.2732,245.2309,248.8228,2112570
2026-08-03,NVDA,247.3995,254.5993,244.9844,252.0468,608738
2026-08-04,NVDA,252.4825,258.4986,250.9643,252.8929,2279486
2026-08-05,NVDA,250.7198,256.9094,250.4009,254.8795,2446889
2026-08-06,NVDA,256.8262,257.6241,250.1324,251.7338,2120349
2026-08-07,NVDA,250.5600,251.1502,238.3363,241.4729,2380852
2026-08-10,NVDA,239.6940,241.2023,233.0163,235.7774,2542554
2026-08-11,NVDA,237.3464,238.1698,236.4431,237.8153,2413635
2026-08-12,NVDA,235.0591,254.1635,233.2750,253.4313,2728236
2026-08-13,NVDA,253.9249,270.3105,253.6433,268.7758,1626790
2026-08-14,NVDA,267.0637,276.6963,261.9817,274.9575,1602296
2026-08-17,NVDA,272.2181,275.0797,264.2453,269.8806,2673296
2026-08-18,NVDA,274.8951,279.5252,249.6846,254.7801,2521666
2026-08-19,NVDA,256.5761,258.1122,251.4271,252.7268,2042090
2026-08-20,NVDA,255.4694,257.8547,252.2342,252.8554,1976321
2026-08-21,NVDA,254.0683,255.0058,247.2137,252.5216,2012220
2026-08-24,NVDA,254.8566,254.8836,246.0907,247.9519,1966851
2026-08-25,NVDA,248.7737,249.9599,245.2455,247.9852,2618888
2026-08-26,NVDA,248.2775,252.8813,247.2741,250.9518,1923356
2026-08-27,NVDA,249.9723,254.3264,238.2813,239.8368,2448773
2026-08-28,NVDA,241.7744,260.9741,240.9165,256.3220,2845960
2026-08-31,NVDA,256.5825,260.1284,256.5326,258.7114,1323282
2026-09-01,NVDA,257.3930,261.2907,256.6534,260.2145,2405706
2026-09-02,NVDA,260.1508,271.7571,256.9398,266.7015,2468284
2026-09-03,NVDA,263.1719,278.6502,261.0103,273.3353,2236680
2026-09-04,NVDA,277.4555,280.0318,277.1862,278.7448,1418933
2026-09-07,NVDA,279.6364,288.5329,273.2879,287.1370,2000058
2026-09-08,NVDA,284.8833,289.6944,282.3964,282.9066,2613006
2026-09-09,NVDA,284.7847,286.8441,266.2329,268.0955,2067765
2026-09-10,NVDA,271.0263,272.4494,266.1658,269.6446,2022913
2026-09-11,NVDA,266.8287,274.6632,264.3809,271.0333,2496539
2026-09-14,NVDA,270.2702,272.3048,264.3730,265.2468,2169988
2026-09-15,NVDA,266.5950,267.0262,259.2107,260.0512,2298635
2026-09-16,NVDA,260.4287,276.6276,258.7370,276.3024,2309728
2026-09-17,NVDA,273.8512,278.1030,272.6474,277.7357,2524773
2026-09-18,NVDA,278.9048,279.1657,269.3025,272.6091,1982022
2026-09-21,NVDA,273.7727,285.4257,271.7165,282.2263,2767019
2026-09-22,NVDA,284.8731,298.1303,281.7148,294.9289,1590815
2026-09-23,NVDA,295.1904,315.0368,292.6100,311.5484,3513312
2026-09-24,NVDA,312.5134,323.7686,301.3022,322.7611,4480714
2026-09-25,NVDA,322.2692,323.3544,321.4365,323.0061,4410569
2026-09-28,NVDA,322.2026,323.0717,321.1288,321.8678,2689146
2026-09-29,NVDA,321.1038,321.8624,304.7700,307.8626,3378857
2026-09-30,NVDA,308.4956,310.1154,292.7008,293.7958,3903164
2026-10-01,NVDA,296.4756,296.5518,274.3791,277.0017,4191641
2025-09-05,JPM,209.6658,213.2844,208.6656,213.1962,764733
2025-09-08,JPM,212.1058,212.6429,209.5632,209.7096,865707
2025-09-09,JPM,209.1600,209.3162,201.6723,201.8436,669723
2025-09-10,JPM,202.2880,202.3875,196.9816,199.5430,703613
2025-09-11,JPM,198.3351,198.3369,197.5892,198.2829,734712
2025-09-12,JPM,198.5165,202.8857,197.8838,202.3246,893964
2025-09-15,JPM,202.6548,204.2962,200.4710,201.6960,423241
2025-09-16,JPM,201.1892,202.3649,200.4473,201.5706,760283
2025-09-17,JPM,201.5616,203.9057,200.9164,202.7042,403184
2025-09-18,JPM,203.2992,205.6373,201.9870,204.3136,724031
2025-09-19,JPM,203.8068,208.4456,202.8118,207.6491,704000
2025-09-22,JPM,207.9053,212.4943,207.1620,211.8335,631386
2025-09-23,JPM,212.3505,213.2975,210.7663,211.3549,829235
2025-09-24,JPM,210.6562,211.0060,207.7469,209.1285,637567
2025-09-25,JPM,208.5810,208.9476,207.5647,208.3068,478505
2025-09-26,JPM,208.8915,210.3005,201.2321,202.6126,575213
2025-09-29,JPM,203.8679,204.1388,200.9965,203.4661,659273
2025-09-30,JPM,203.1887,205.0121,202.8930,203.4647,933440
2025-10-01,JPM,203.6942,205.0132,201.6017,202.1042,543522
2025-10-02,JPM,202.1733,206.8228,200.7145,206.5557,726711
2025-10-03,JPM,206.9294,208.5335,206.2612,206.8061,751207
2025-10-06,JPM,206.7165,208.4542,205.4693,208.0341,549418
2025-10-07,JPM,208.3430,209.1722,202.5021,203.1987,720116
2025-10-08,JPM,202.7645,205.5657,202.1683,204.7962,922250
2025-10-09,JPM,204.5810,207.1499,203.4683,206.2107,674039
2025-10-10,JPM,205.7931,210.3853,205.0996,210.1800,581208
2025-10-13,JPM,210.1929,210.4905,209.8140,210.1732,610246
2025-10-14,JPM,209.1372,209.7536,202.5635,203.8449,947330
2025-10-15,JPM,203.4725,204.7760,201.7933,203.8132,780919
2025-10-16,JPM,203.0915,209.4201,202.3187,208.3710,654558
2025-10-17,JPM,209.1472,211.9799,208.4760,211.0112,599004
2025-10-20,JPM,210.3993,211.0368,209.9885,210.1412,586425
2025-10-21,JPM,210.9682,211.0143,205.9810,207.3440,559974
2025-10-22,JPM,207.3162,207.9781,203.6141,204.0920,850130
2025-10-23,JPM,204.3956,204.6540,203.4657,203.7544,624398
2025-10-24,JPM,204.4575,208.7138,203.1775,207.3374,651567
2025-10-27,JPM,208.9768,209.2369,203.4771,204.3681,773987
2025-10-28,JPM,204.2235,204.9759,203.5188,204.5479,657595
2025-10-29,JPM,203.9399,205.1848,200.0251,203.7079,344000
2025-10-30,JPM,203.8047,203.8053,202.2394,202.3740,368667
2025-10-31,JPM,202.6252,203.8335,200.7462,201.2851,477266
2025-11-03,JPM,201.2567,202.0375,195.8666,196.0282,728503
2025-11-04,JPM,196.9272,199.0868,196.5763,198.9149,733904
2025-11-05,JPM,199.4496,206.7745,199.4401,204.8012,781426
2025-11-06,JPM,205.6844,206.1744,202.2534,203.5637,741658
2025-11-07,JPM,203.6800,207.9805,203.5702,207.2549,600077
2025-11-10,JPM,207.8848,207.8848,203.1584,203.5478,643093
2025-11-11,JPM,204.0263,204.2086,203.3922,203.5005,594192
2025-11-12,JPM,203.0682,206.8355,202.6031,205.6200,844358
2025-11-13,JPM,205.7097,206.4656,202.0776,202.8344,859971
2025-11-14,JPM,203.5328,204.4721,201.2086,201.7794,284239
2025-11-17,JPM,200.3387,200.8602,198.3889,198.6996,759724
2025-11-18,JPM,198.0566,204.0362,197.0481,202.3698,591141
2025-11-19,JPM,201.6084,203.1983,200.0416,202.9708,553300
2025-11-20,JPM,203.5601,204.5327,199.7211,200.3235,826020
2025-11-21,JPM,200.6579,205.2780,200.5331,203.4452,759862
2025-11-24,JPM,203.9277,204.1932,202.9749,204.0528,461430
2025-11-25,JPM,203.5248,205.4835,203.3837,204.5345,548121
2025-11-26,JPM,204.8308,206.9609,204.2530,206.4769,397948
2025-11-27,JPM,206.3356,207.1461,204.2597,205.3385,611452
2025-11-28,JPM,204.9954,208.5977,204.6561,207.2260,799916
2025-12-01,JPM,207.8889,208.3457,205.8839,206.2578,578913
2025-12-02,JPM,206.1819,211.6085,205.1333,209.4274,713473
2025-12-03,JPM,209.3660,216.8261,209.1880,216.2454,514920
2025-12-04,JPM,215.0892,216.5036,214.6167,215.9099,765755
2025-12-05,JPM,215.1658,218.2548,214.9365,218.1095,738602
2025-12-08,JPM,217.6541,218.0439,211.2261,211.7308,798756
2025-12-09,JPM,212.7090,213.9533,211.2871,212.3658,712533
2025-12-10,JPM,213.7249,214.1725,203.7778,204.4564,588748
2025-12-11,JPM,203.7863,204.3747,200.5592,202.4415,471940
2025-12-12,JPM,202.9160,206.1935,202.6362,205.9332,698020
2025-12-15,JPM,206.0494,207.7476,202.3372,202.8628,572349
2025-12-16,JPM,202.6929,202.7889,198.7813,199.2372,700401
2025-12-17,JPM,198.7638,199.4517,195.2688,196.9031,620326
2025-12-18,JPM,197.7370,197.8415,196.6111,197.2052,594571
2025-12-19,JPM,197.1000,197.7151,195.4743,197.6824,493027
2025-12-22,JPM,197.0807,197.5567,196.4905,197.4768,458006
2025-12-23,JPM,198.6359,199.2384,195.1903,195.6730,664064
2025-12-24,JPM,194.9175,195.5146,193.2535,194.5962,491513
2025-12-25,JPM,194.7592,195.6486,194.0891,195.3616,1062806
2025-12-26,JPM,195.5998,196.9811,193.6697,193.8105,785236
2025-12-29,JPM,192.8796,194.3637,192.3564,193.4767,670649
2025-12-30,JPM,193.4116,194.0466,191.6121,192.0743,558009
2025-12-31,JPM,191.4531,194.5668,190.8031,193.2225,748025
2026-01-01,JPM,193.2475,195.2565,191.6380,192.4318,762990
2026-01-02,JPM,192.8140,197.4044,192.0635,197.3891,592288
2026-01-05,JPM,197.3107,197.5959,192.3390,192.6981,715629
2026-01-06,JPM,193.8224,194.6140,187.5714,187.9129,611172
2026-01-07,JPM,188.1141,190.7773,186.1223,190.4182,615679
2026-01-08,JPM,190.7628,191.7001,190.2244,190.5623,710433
2026-01-09,JPM,189.6278,190.8013,189.3644,190.2393,843330
2026-01-12,JPM,189.6990,192.1366,189.4548,191.8868,565786
2026-01-13,JPM,191.9425,197.7310,191.4365,197.0008,779633
2026-01-14,JPM,196.5751,201.7535,195.4903,199.8013,718230
2026-01-15,JPM,200.2569,205.3000,199.9269,205.1325,652839
2026-01-16,JPM,204.8237,205.2766,202.4844,202.5658,434985
2026-01-19,JPM,203.1070,204.4339,201.8532,201.8691,390786
2026-01-20,JPM,202.1532,202.6136,196.3222,196.7190,547284
2026-01-21,JPM,197.0763,197.4647,195.7003,196.5687,571370
2026-01-22,JPM,197.0273,202.4002,196.4710,202.2398,782861
2026-01-23,JPM,201.5910,202.7335,200.6782,202.2361,659074
2026-01-26,JPM,202.0061,202.8581,201.1287,202.6595,533708
2026-01-27,JPM,202.6170,203.4020,201.5753,202.0676,473280
2026-01-28,JPM,201.1037,204.2596,200.1264,203.1981,635186
2026-01-29,JPM,203.9339,206.3594,202.4484,205.6240,468596
2026-01-30,JPM,205.5680,205.7778,203.2244,203.3870,689717
2026-02-02,JPM,202.7868,207.4224,202.4835,207.1823,810850
2026-02-03,JPM,206.6955,207.8518,203.2639,204.5998,644414
2026-02-04,JPM,205.6818,206.4043,203.7313,204.0830,809703
2026-02-05,JPM,204.6680,206.9529,204.5556,205.9722,633976
2026-02-06,JPM,206.7816,211.7228,205.0239,211.3416,585986
2026-02-09,JPM,212.1158,213.5649,211.3178,213.2190,558786
2026-02-10,JPM,212.5686,214.5524,212.2389,213.9095,676836
2026-02-11,JPM,213.9503,217.0838,213.8389,216.6146,640960
2026-02-12,JPM,215.3674,216.1133,210.5942,210.9537,582060
2026-02-13,JPM,210.8226,211.6346,210.5304,211.0905,539123
2026-02-16,JPM,210.0010,218.3473,209.8391,217.5099,1058440
2026-02-17,JPM,217.2852,219.0202,216.1969,217.7875,595532
2026-02-18,JPM,218.6891,219.2436,214.7576,216.2376,399975
2026-02-19,JPM,216.9755,217.7351,216.9143,217.5218,595959
2026-02-20,JPM,218.7715,222.9149,218.2097,221.7346,621111
2026-02-23,JPM,222.0981,222.6440,220.3798,220.9481,723680
2026-02-24,JPM,221.8150,222.2846,220.4801,222.0850,1063867
2026-02-25,JPM,223.4280,224.8053,222.5287,223.7540,659756
2026-02-26,JPM,224.9325,227.8098,223.5913,227.2745,737741
2026-02-27,JPM,227.6898,228.0106,226.9617,227.0130,673872
2026-03-02,JPM,226.7676,228.1630,226.3231,227.5947,573757
2026-03-03,JPM,227.1902,227.4073,223.5448,223.8144,935879
2026-03-04,JPM,224.3954,224.7593,220.1656,222.7777,545324
2026-03-05,JPM,223.8324,224.0484,222.6175,222.6499,716829
2026-03-06,JPM,222.8002,224.6221,218.4075,218.8282,660193
2026-03-09,JPM,216.4608,223.3700,215.8613,223.0014,728835
2026-03-10,JPM,221.8581,223.5558,221.8101,223.2357,470893
2026-03-11,JPM,223.5481,224.1567,219.0221,220.4488,682990
2026-03-12,JPM,220.8187,222.8484,220.6071,221.0258,816225
2026-03-13,JPM,220.8810,222.2364,220.2538,221.1305,738343
2026-03-16,JPM,221.4284,224.5679,220.9955,223.4857,589522
2026-03-17,JPM,225.1599,225.9634,219.9877,220.8559,505483
2026-03-18,JPM,221.5434,227.6600,220.6289,227.4399,554262
2026-03-19,JPM,227.3709,227.8261,222.7684,224.4326,689683
2026-03-20,JPM,224.2845,227.0883,223.9415,226.2108,758530
2026-03-23,JPM,227.2452,227.8847,223.4997,223.5133,863553
2026-03-24,JPM,224.3292,224.4426,215.7488,217.9586,621581
2026-03-25,JPM,218.0319,219.9197,217.3452,219.0686,573993
2026-03-26,JPM,219.1551,221.5068,217.6671,221.2435,438973
2026-03-27,JPM,221.5610,223.5996,220.7972,223.5128,534050
2026-03-30,JPM,222.3952,223.9266,221.3495,223.1533,338835
2026-03-31,JPM,223.4982,225.0929,223.2695,224.0655,816153
2026-04-01,JPM,223.7919,224.0693,222.4804,222.9423,525750
2026-04-02,JPM,223.1875,226.8759,222.9174,225.7217,708675
2026-04-03,JPM,226.0737,227.9872,224.1026,227.5813,954136
2026-04-06,JPM,226.4078,232.1882,226.0613,231.4465,413843
2026-04-07,JPM,231.8406,233.0236,228.5610,230.0565,569587
2026-04-08,JPM,231.2142,231.8987,230.8833,231.8887,710327
2026-04-09,JPM,231.3223,232.5515,228.5692,229.6958,713892
2026-04-10,JPM,230.3613,234.3509,229.4051,234.1193,673947
2026-04-13,JPM,234.6708,237.5502,234.1506,236.3319,682838
2026-04-14,JPM,237.1705,238.9985,233.8615,234.8101,676888
2026-04-15,JPM,237.0516,237.7268,232.6860,232.7927,472156
2026-04-16,JPM,232.1898,237.1150,230.8433,236.3559,597570
2026-04-17,JPM,236.0278,238.7463,233.7804,237.0764,764342
2026-04-20,JPM,236.0957,236.3861,232.9565,234.0664,655192
2026-04-21,JPM,233.6838,235.1450,232.8720,234.5852,771373
2026-04-22,JPM,235.2038,236.3392,233.6370,235.5597,705270
2026-04-23,JPM,235.4933,241.7970,234.9107,241.2503,490540
2026-04-24,JPM,240.5992,241.1916,240.2625,241.1256,595573
2026-04-27,JPM,241.4002,243.6510,240.2670,242.7008,886317
2026-04-28,JPM,243.0710,244.7832,241.4780,241.9362,838239
2026-04-29,JPM,241.7715,244.6798,239.9174,243.4428,866450
2026-04-30,JPM,243.2824,245.1391,242.4505,243.8997,712545
2026-05-01,JPM,244.7090,245.3266,236.3106,237.3675,598463
2026-05-04,JPM,237.2889,238.4780,235.3427,238.0779,604729
2026-05-05,JPM,239.3819,240.1613,235.2018,236.6875,798253
2026-05-06,JPM,237.9128,240.3156,237.6968,239.1264,687362
2026-05-07,JPM,238.6776,239.8438,237.8419,238.9584,698577
2026-05-08,JPM,240.2783,241.3548,236.4199,236.6103,757886
2026-05-11,JPM,236.4662,237.2509,234.8809,235.1255,706594
2026-05-12,JPM,235.4877,241.8512,235.0903,240.4600,513203
2026-05-13,JPM,240.6589,242.0716,239.5275,241.5018,580244
2026-05-14,JPM,242.1692,243.3019,239.1051,239.4744,631213
2026-05-15,JPM,239.7524,240.5955,235.5978,236.2279,785715
2026-05-18,JPM,236.2432,241.2050,235.7366,240.8314,705917
2026-05-19,JPM,239.3141,244.6806,238.3331,243.5501,627202
2026-05-20,JPM,243.6219,247.5792,242.1289,246.9886,728347
2026-05-21,JPM,246.2979,248.2117,245.6301,247.3096,687833
2026-05-22,JPM,246.4542,249.3137,246.1790,247.4827,831106
2026-05-25,JPM,246.8685,247.1113,244.9959,245.0446,764634
2026-05-26,JPM,246.1999,246.9703,241.6691,244.7201,514581
2026-05-27,JPM,245.2791,247.5015,243.5114,246.5802,554809
2026-05-28,JPM,245.8536,246.5276,243.5210,244.5127,549445
2026-05-29,JPM,245.1300,247.4969,243.6370,246.8528,662193
2026-06-01,JPM,247.6604,247.9386,243.1002,246.2389,737522
2026-06-02,JPM,245.5981,247.5379,244.0743,247.2487,681160
2026-06-03,JPM,247.4968,250.2032,245.8429,246.1684,509553
2026-06-04,JPM,247.3696,248.0895,242.0944,244.0361,859054
2026-06-05,JPM,243.2178,243.4590,241.5431,242.7237,748971
2026-06-08,JPM,242.6367,245.1240,241.8970,243.9355,470269
2026-06-09,JPM,244.1492,245.7826,244.0584,244.9405,437635
2026-06-10,JPM,245.4736,246.3497,240.4069,242.3642,344060
2026-06-11,JPM,243.4139,247.7637,242.3632,247.6091,740509
2026-06-12,JPM,247.0529,247.5320,242.6350,244.4756,671799
2026-06-15,JPM,244.9926,248.2903,244.2280,246.9297,709787
2026-06-16,JPM,246.7378,246.8785,243.4655,245.3836,719020
2026-06-17,JPM,245.3826,248.1217,244.6430,247.3860,309583
2026-06-18,JPM,247.1562,251.9181,246.7542,251.6281,595072
2026-06-19,JPM,253.0070,255.5836,252.3765,254.4799,463119
2026-06-22,JPM,254.2877,256.0960,253.7252,254.5931,793966
2026-06-23,JPM,253.8019,258.2153,252.3967,257.2213,900472
2026-06-24,JPM,256.3475,258.3714,255.0851,257.1382,549723
2026-06-25,JPM,256.7921,258.6832,255.4743,257.7796,530572
2026-06-26,JPM,257.5342,262.4738,255.8792,262.1378,828040
2026-06-29,JPM,261.3853,264.0377,260.1373,263.3395,922939
2026-06-30,JPM,263.4473,263.9684,261.1165,261.7245,899708
2026-07-01,JPM,261.4020,268.0935,260.6263,266.3405,598206
2026-07-02,JPM,266.6940,267.2184,265.7458,266.0560,348416
2026-07-03,JPM,268.4398,270.9222,266.0144,266.1515,810264
2026-07-06,JPM,266.2381,267.0799,266.1440,266.5098,744531
2026-07-07,JPM,268.5257,270.1565,260.2833,260.7905,612554
2026-07-08,JPM,261.5095,263.6532,260.7223,261.8065,587410
2026-07-09,JPM,261.5468,263.0721,257.1525,258.8269,813390
2026-07-10,JPM,258.7569,259.7256,258.6930,259.5536,737685
2026-07-13,JPM,258.9091,261.4671,258.0199,261.3896,806761
2026-07-14,JPM,261.9325,264.9639,261.3418,262.7253,451973
2026-07-15,JPM,261.1461,265.8756,259.6509,264.6838,673667
2026-07-16,JPM,264.7209,266.5792,264.6157,266.2520,548281
2026-07-17,JPM,265.7482,270.6384,264.9664,270.0838,667211
2026-07-20,JPM,270.8083,272.3600,270.1999,271.3738,621852
2026-07-21,JPM,270.7959,273.8305,270.6906,273.1755,516156
2026-07-22,JPM,274.1723,285.7650,273.7690,284.4380,631494
2026-07-23,JPM,284.8667,286.1870,283.7837,284.3953,555592
2026-07-24,JPM,284.6500,285.9197,284.1294,284.6907,378672
2026-07-27,JPM,283.5503,284.7481,279.6474,280.2735,491265
2026-07-28,JPM,279.7154,280.7563,276.6866,278.1635,759709
2026-07-29,JPM,277.7911,278.2309,275.3206,276.0042,494390
2026-07-30,JPM,277.3588,278.9795,274.7823,275.1904,673843
2026-07-31,JPM,276.0316,276.3608,273.6041,273.8511,710130
2026-08-03,JPM,275.2721,275.4563,272.7043,273.9638,853170
2026-08-04,JPM,272.1967,272.3847,264.8555,265.7801,574766
2026-08-05,JPM,266.4912,272.9252,265.2077,270.7342,860178
2026-08-06,JPM,270.4276,278.3157,269.3132,277.5629,657109
2026-08-07,JPM,275.9887,276.0614,271.4650,273.6225,389199
2026-08-10,JPM,274.0304,276.8857,272.8719,276.8040,499639
2026-08-11,JPM,275.6420,278.0416,273.6100,278.0292,479217
2026-08-12,JPM,279.4150,281.9460,278.8414,281.8186,934227
2026-08-13,JPM,281.2800,284.9915,279.0665,284.8140,776453
2026-08-14,JPM,284.9716,289.7316,284.9211,288.2793,394760
2026-08-17,JPM,289.2051,290.7656,287.3740,289.3085,836669
2026-08-18,JPM,290.8514,291.8454,285.4357,286.1810,786543
2026-08-19,JPM,284.4888,285.1832,283.3260,283.6629,426519
2026-08-20,JPM,283.7338,285.0911,281.6310,282.9132,1084155
2026-08-21,JPM,282.1577,283.0144,275.2778,276.5861,694417
2026-08-24,JPM,276.2013,280.5010,275.3656,277.8023,460878
2026-08-25,JPM,277.1823,277.7948,270.5128,270.5330,565971
2026-08-26,JPM,270.7221,274.1152,269.6602,273.2560,862597
2026-08-27,JPM,273.4582,274.4831,268.8701,269.8976,447123
2026-08-28,JPM,270.9678,273.7191,269.0738,273.6080,800019
2026-08-31,JPM,272.5554,274.6092,272.5143,272.9931,475454
2026-09-01,JPM,273.1200,275.6269,270.4760,270.5051,1031424
2026-09-02,JPM,270.8817,277.1883,268.9578,275.6780,665623
2026-09-03,JPM,275.1593,276.0529,274.5285,274.7595,428555
2026-09-04,JPM,274.5332,274.6324,273.7144,274.1525,625876
2026-09-07,JPM,274.6236,279.1422,272.5786,277.8381,683423
2026-09-08,JPM,278.1631,279.5919,272.6293,272.9487,538407
2026-09-09,JPM,272.9359,274.3034,270.4554,270.4843,896405
2026-09-10,JPM,269.4829,275.0852,267.8774,273.8998,491328
2026-09-11,JPM,273.8969,274.1907,268.5313,268.8988,779803
2026-09-14,JPM,267.7890,270.2641,265.8033,269.6620,681776
2026-09-15,JPM,269.5820,270.6395,266.8908,268.3082,433030
2026-09-16,JPM,269.8590,270.5404,269.5456,270.3816,571071
2026-09-17,JPM,271.0110,272.0461,268.5274,268.5408,585424
2026-09-18,JPM,270.4556,271.7788,268.4833,268.4980,799747
2026-09-21,JPM,268.9146,273.4216,268.7874,273.2856,768353
2026-09-22,JPM,273.4960,275.1423,268.0504,269.2032,605770
2026-09-23,JPM,268.6361,270.8992,268.3561,269.9605,497655
2026-09-24,JPM,269.2120,269.8289,268.2716,269.5715,648863
2026-09-25,JPM,268.6596,268.7621,265.6163,266.8556,601071
2026-09-28,JPM,266.1740,266.8632,263.5710,265.8042,174749
2026-09-29,JPM,267.4464,267.4498,264.2204,266.1506,507507
2026-09-30,JPM,266.4774,266.6700,261.2400,262.0059,613457
2026-10-01,JPM,263.1278,263.4217,257.2760,258.0022,589768
2025-09-05,SPY,562.2116,562.8167,551.6936,552.0054,1453649
2025-09-08,SPY,552.9160,556.2906,542.2679,543.3253,773216
2025-09-09,SPY,542.5637,544.2795,535.7847,537.9319,1081918
2025-09-10,SPY,538.2260,539.5372,535.9286,539.5035,1568641
2025-09-11,SPY,539.1833,541.1454,539.1502,540.6859,1897009
2025-09-12,SPY,542.7272,542.9509,532.2388,534.3617,1705849
2025-09-15,SPY,532.8021,533.6147,529.1669,529.6950,1040295
2025-09-16,SPY,531.0886,534.5539,530.2753,534.0677,1893259
2025-09-17,SPY,534.0822,540.5783,532.8251,540.1439,1316317
2025-09-18,SPY,541.2779,544.3590,539.4805,543.9883,1907623
2025-09-19,SPY,545.2469,545.5809,539.2165,541.4514,1313933
2025-09-22,SPY,540.3039,542.8374,539.7076,541.0117,1215421
2025-09-23,SPY,539.7129,540.8511,534.6927,536.1101,1380299
2025-09-24,SPY,536.5287,540.2192,533.3971,538.3557,1417529
2025-09-25,SPY,536.2357,536.7847,533.9986,534.7668,1748251
2025-09-26,SPY,535.6183,539.9167,535.1593,539.5510,1552883
2025-09-29,SPY,540.8616,542.3787,538.6251,539.4135,1253086
2025-09-30,SPY,537.2814,540.9454,536.7517,540.2708,1554879
2025-10-01,SPY,541.7822,542.2271,541.3401,541.7479,957060
2025-10-02,SPY,543.0176,547.6331,541.0224,546.1742,1623038
2025-10-03,SPY,546.4321,551.4080,545.5945,551.1140,635532
2025-10-06,SPY,550.3368,551.3070,549.1465,551.2095,1912663
2025-10-07,SPY,551.2463,551.3193,539.0431,541.3155,1768005
2025-10-08,SPY,541.3894,542.8966,535.4425,536.9616,1465914
2025-10-09,SPY,537.9601,539.1087,537.8311,538.6933,1403308
2025-10-10,SPY,538.0969,539.3861,537.2460,538.5916,919643
2025-10-13,SPY,539.2583,539.7035,532.6924,534.5136,1211537
2025-10-14,SPY,534.5665,539.4361,533.5842,537.5893,1179334
2025-10-15,SPY,538.0414,539.4992,532.5727,533.2320,1285231
2025-10-16,SPY,533.7305,537.5354,533.3978,535.7370,1673615
2025-10-17,SPY,536.5600,537.2558,532.0735,532.9576,1670936
2025-10-20,SPY,532.2551,538.3196,530.0340,536.7588,938725
2025-10-21,SPY,537.1638,540.9234,536.2168,538.8969,1496957
2025-10-22,SPY,541.5837,542.0894,538.9339,539.6549,1797238
2025-10-23,SPY,540.1639,542.9177,530.9955,533.2118,2274672
2025-10-24,SPY,531.1252,532.3149,526.2002,526.7070,1861596
2025-10-27,SPY,527.3630,529.0121,521.4735,524.4874,1736847
2025-10-28,SPY,522.2121,531.0898,520.4372,530.0327,1557758
2025-10-29,SPY,531.1204,539.8436,530.1717,538.7506,1516474
2025-10-30,SPY,538.2004,538.7604,537.8483,538.6719,1535367
2025-10-31,SPY,538.1118,541.9466,534.9528,537.3295,1665375
2025-11-03,SPY,538.0305,541.6053,529.1289,529.3572,919616
2025-11-04,SPY,529.5936,530.7929,523.7628,526.5583,1295750
2025-11-05,SPY,527.3023,535.5975,526.4313,533.9332,1786768
2025-11-06,SPY,535.3911,536.6368,534.3107,534.5721,1350582
2025-11-07,SPY,535.3531,540.4823,534.6375,537.9392,1260126
2025-11-10,SPY,538.8702,542.3150,535.8581,539.1865,1487104
2025-11-11,SPY,539.6730,543.2681,537.1736,541.5327,1775996
2025-11-12,SPY,542.4557,542.9801,534.5340,538.5946,1682461
2025-11-13,SPY,539.3449,544.0055,538.5924,543.6501,1119280
2025-11-14,SPY,544.0483,544.1437,541.7909,542.0097,1535933
2025-11-17,SPY,543.2059,544.9010,543.1343,544.0830,1096020
2025-11-18,SPY,543.7412,551.0887,541.9043,548.8787,1929556
2025-11-19,SPY,549.1091,550.7166,547.6407,550.4148,1466920
2025-11-20,SPY,549.3133,552.9127,544.7924,548.1697,1761435
2025-11-21,SPY,547.9443,548.2477,545.5570,545.8963,1878336
2025-11-24,SPY,545.9453,547.8439,545.7896,547.1308,696095
2025-11-25,SPY,544.7952,555.9084,544.6839,554.4252,1477931
2025-11-26,SPY,552.8700,555.7377,550.9627,553.4894,1317542
2025-11-27,SPY,552.8282,559.9998,552.4307,556.7804,1370853
2025-11-28,SPY,556.9989,558.8936,549.9061,552.2676,1012192
2025-12-01,SPY,553.3117,554.1097,549.3788,553.8370,835449
2025-12-02,SPY,551.1685,556.1910,548.8952,553.0773,862834
2025-12-03,SPY,554.8306,555.9709,550.5309,551.6493,1882507
2025-12-04,SPY,552.2076,556.2918,546.7466,549.9266,1730568
2025-12-05,SPY,548.7944,555.3814,547.4891,551.0629,1403447
2025-12-08,SPY,551.9167,566.3179,548.9319,563.2314,1740119
2025-12-09,SPY,562.5718,571.2517,561.2024,570.2744,2219309
2025-12-10,SPY,568.9725,577.5908,568.2261,575.6736,1773285
2025-12-11,SPY,577.6418,579.3747,569.8015,571.4660,1185973
2025-12-12,SPY,570.2928,575.9019,567.9362,574.9214,1436035
2025-12-15,SPY,573.1612,580.8180,572.0204,580.4435,1897530
2025-12-16,SPY,579.5582,587.0823,577.7817,586.2177,2200079
2025-12-17,SPY,584.6401,586.3606,581.4033,583.2300,1728793
2025-12-18,SPY,584.6297,586.8396,573.5824,574.8748,1409325
2025-12-19,SPY,575.5514,585.7157,575.0614,583.0605,1436203
2025-12-22,SPY,584.5703,587.7546,583.9432,584.0216,1889035
2025-12-23,SPY,583.2388,585.1352,582.9895,584.5872,1626994
2025-12-24,SPY,586.1041,589.9187,585.1547,589.7498,1068387
2025-12-25,SPY,590.1128,592.5174,582.3632,584.4565,1382367
2025-12-26,SPY,584.4140,595.6139,580.9914,593.5428,1206257
2025-12-29,SPY,592.2329,595.3018,589.0858,593.4056,1072148
2025-12-30,SPY,594.7242,603.9821,592.8610,603.7652,1266881
2025-12-31,SPY,604.1085,608.6516,602.7017,606.5681,1782273
2026-01-01,SPY,606.6083,607.8760,595.5802,599.6966,1391190
2026-01-02,SPY,600.1922,601.5755,597.8752,598.1035,1573466
2026-01-05,SPY,596.8199,598.2861,594.1975,595.5253,1940810
2026-01-06,SPY,598.0427,599.4769,592.7625,593.5485,1096991
2026-01-07,SPY,593.2529,595.9507,591.2904,595.4258,1416313
2026-01-08,SPY,594.8493,600.8474,593.3598,599.8914,1568610
2026-01-09,SPY,601.6433,602.4399,601.0566,602.1322,1252391
2026-01-12,SPY,601.3816,612.5101,601.3017,610.2629,1008676
2026-01-13,SPY,610.6983,619.2224,608.9212,617.6673,1338663
2026-01-14,SPY,618.0369,618.8209,613.6242,615.2740,1349206
2026-01-15,SPY,616.0227,617.8274,603.1100,604.0009,1440068
2026-01-16,SPY,603.1772,606.7365,596.3089,597.3342,1533053
2026-01-19,SPY,597.0800,602.4486,596.0876,600.8645,1290636
2026-01-20,SPY,600.5685,604.0040,598.6774,601.7505,1752177
2026-01-21,SPY,602.8234,603.4256,598.6368,600.3338,1527439
2026-01-22,SPY,601.9763,603.2586,592.8657,595.0628,1653525
2026-01-23,SPY,593.8934,595.6237,591.7453,595.1907,2011685
2026-01-26,SPY,595.5104,597.4370,594.2708,595.7206,1711427
2026-01-27,SPY,594.2161,602.7632,592.2718,601.1351,1723882
2026-01-28,SPY,600.9562,604.2991,600.5744,602.7779,1357446
2026-01-29,SPY,602.4931,606.5161,600.9604,601.6566,1469380
2026-01-30,SPY,601.2829,601.3138,595.2007,595.5422,1423285
2026-02-02,SPY,594.6340,602.1234,593.0232,601.1530,1273683
2026-02-03,SPY,600.2656,601.1762,594.7966,597.3341,1570950
2026-02-04,SPY,596.8718,597.4203,593.9451,594.1419,1089890
2026-02-05,SPY,592.7308,594.8142,588.8699,592.8210,2052191
2026-02-06,SPY,590.3688,592.1023,586.0286,587.0674,1691173
2026-02-09,SPY,585.6853,588.5110,584.1974,587.3448,941439
2026-02-10,SPY,585.1332,587.4071,583.4916,583.7597,1564719
2026-02-11,SPY,586.0354,590.7222,585.8150,590.6096,1498515
2026-02-12,SPY,591.8701,597.9864,591.0222,595.6844,1752669
2026-02-13,SPY,595.8773,597.7192,593.3360,594.5151,1840581
2026-02-16,SPY,593.2718,594.8404,580.3060,581.9004,1644818
2026-02-17,SPY,584.9025,595.4153,584.8234,594.9721,2235596
2026-02-18,SPY,595.1981,597.2462,590.1800,592.2759,1239200
2026-02-19,SPY,591.3574,601.4000,589.0193,600.8179,1022708
2026-02-20,SPY,600.8336,601.2145,597.4216,600.8352,1368729
2026-02-23,SPY,602.3677,602.3825,589.3873,589.7158,1537072
2026-02-24,SPY,590.8918,593.9859,590.0854,593.4819,2134202
2026-02-25,SPY,593.1656,602.8915,592.6212,599.0439,2029644
2026-02-26,SPY,598.9356,607.5831,598.5738,606.4732,1457266
2026-02-27,SPY,607.1633,610.7027,599.8233,601.1990,1404637
2026-03-02,SPY,604.0075,607.0118,602.0442,602.1371,1402573
2026-03-03,SPY,602.3564,602.5395,595.9581,597.5794,1166951
2026-03-04,SPY,595.9577,596.5727,592.9532,593.9634,1055526
2026-03-05,SPY,591.5037,594.7250,589.8521,594.2353,1333837
2026-03-06,SPY,593.6989,595.5087,593.5857,593.9533,943201
2026-03-09,SPY,595.2609,600.1045,594.4277,598.6564,1706364
2026-03-10,SPY,598.2957,599.5864,594.0488,596.0610,1237853
2026-03-11,SPY,596.7930,597.8635,594.2087,595.0402,1273653
2026-03-12,SPY,594.7056,595.5708,587.2631,587.8055,1309583
2026-03-13,SPY,590.5131,590.8357,585.5824,586.4736,1546650
2026-03-16,SPY,585.4124,590.0098,584.1303,588.5393,1301377
2026-03-17,SPY,589.3869,591.0439,588.5023,589.2385,1715213
2026-03-18,SPY,589.1183,589.3905,584.9555,585.7131,1917159
2026-03-19,SPY,585.9406,587.7106,576.8205,579.1022,1490545
2026-03-20,SPY,578.3133,578.9125,574.3792,574.4525,1371009
2026-03-23,SPY,575.0347,575.8465,566.2318,568.5742,1139333
2026-03-24,SPY,568.6740,579.1470,567.0310,578.4046,1590516
2026-03-25,SPY,576.7300,583.2925,574.7356,582.9504,1210603
2026-03-26,SPY,581.9017,582.9645,578.3258,579.2579,1962988
2026-03-27,SPY,577.2638,589.4562,576.3217,587.1395,1457425
2026-03-30,SPY,587.3500,587.5513,581.1423,584.1757,1220119
2026-03-31,SPY,585.0383,587.0821,575.4793,577.0961,1448582
2026-04-01,SPY,576.6136,583.9435,575.6837,582.0603,1304194
2026-04-02,SPY,580.1071,580.5167,577.2017,578.8537,1240573
2026-04-03,SPY,577.7785,578.4080,568.1328,568.3727,1402478
2026-04-06,SPY,569.7262,570.3204,566.9204,568.7859,1334470
2026-04-07,SPY,568.2706,569.3213,565.5332,566.9889,1368728
2026-04-08,SPY,568.9909,569.7205,565.8817,566.6026,1338365
2026-04-09,SPY,565.5601,566.7490,560.4277,561.4524,1233496
2026-04-10,SPY,559.8858,567.0743,558.6077,566.2259,1722695
2026-04-13,SPY,566.4004,571.3119,564.4085,570.5333,1808848
2026-04-14,SPY,572.3866,577.2682,570.6528,576.1116,1340977
2026-04-15,SPY,576.0635,582.2366,575.5745,582.0985,1381759
2026-04-16,SPY,582.1333,582.5121,580.1483,581.8742,2129166
2026-04-17,SPY,581.4460,594.4654,580.9836,591.9454,1707545
2026-04-20,SPY,593.7850,597.1243,590.4841,594.7062,1655311
2026-04-21,SPY,596.0438,598.1605,588.7509,590.7900,1352682
2026-04-22,SPY,593.3991,594.8908,589.2649,589.7539,1408629
2026-04-23,SPY,588.4883,595.0585,586.0004,592.5496,1332177
2026-04-24,SPY,593.4427,596.0003,593.0505,594.6802,1563334
2026-04-27,SPY,592.7819,604.1628,592.5570,604.1284,1598864
2026-04-28,SPY,604.1200,608.2226,603.6912,606.2116,1061243
2026-04-29,SPY,608.2628,608.3898,605.4406,607.4791,1666834
2026-04-30,SPY,610.2677,614.8215,609.6588,614.0957,1604236
2026-05-01,SPY,615.4808,624.2039,615.2928,621.4578,1398140
2026-05-04,SPY,622.2250,623.6746,614.7137,615.3643,1512808
2026-05-05,SPY,615.2464,616.1556,607.9449,608.8843,1394292
2026-05-06,SPY,607.3938,614.3394,606.8598,612.2103,1674641
2026-05-07,SPY,614.0184,618.4854,610.3108,615.7095,1181579
2026-05-08,SPY,614.8897,621.5583,613.4008,621.2045,1391011
2026-05-11,SPY,620.0816,621.5983,617.1713,618.5194,1728974
2026-05-12,SPY,617.0931,620.2678,615.3162,617.9329,608098
2026-05-13,SPY,619.7835,628.0372,619.3762,627.7133,1419237
2026-05-14,SPY,629.2244,632.1286,621.6959,625.3953,865385
2026-05-15,SPY,626.3648,630.6336,624.0689,630.3810,1937338
2026-05-18,SPY,630.1090,636.9907,626.6285,636.4670,830988
2026-05-19,SPY,636.3465,638.1020,628.9529,630.6889,1311556
2026-05-20,SPY,630.1893,635.2460,630.0398,634.9591,1772159
2026-05-21,SPY,633.6336,637.0345,632.6776,634.4738,1229418
2026-05-22,SPY,635.9496,638.5211,634.1902,635.1058,1338330
2026-05-25,SPY,633.4484,635.5082,632.1843,634.4130,1272936
2026-05-26,SPY,634.0751,636.4408,622.5983,623.9592,1203036
2026-05-27,SPY,624.7866,627.2877,613.5921,616.4241,1501305
2026-05-28,SPY,617.9641,620.4438,613.8298,615.1764,1076448
2026-05-29,SPY,616.0862,616.6320,610.9769,614.1377,1729184
2026-06-01,SPY,613.0858,614.2230,607.4075,608.0030,1471543
2026-06-02,SPY,607.2589,607.9880,603.2274,604.1925,1934322
2026-06-03,SPY,603.0466,609.2476,601.4747,608.3550,1174480
2026-06-04,SPY,607.6368,614.2270,607.3202,611.6108,1391033
2026-06-05,SPY,611.7823,611.9405,607.8853,608.4410,1540724
2026-06-08,SPY,609.5784,611.3829,604.7413,606.1724,814102
2026-06-09,SPY,607.2612,609.0475,597.3655,598.4457,1271050
2026-06-10,SPY,597.0226,603.1659,595.3942,601.2167,1760926
2026-06-11,SPY,603.2029,603.9534,595.0731,595.1584,1763064
2026-06-12,SPY,593.7217,600.3195,593.6761,596.0297,1402774
2026-06-15,SPY,597.8807,600.1922,592.6556,595.3259,1159042
2026-06-16,SPY,595.9221,596.1228,592.3913,594.8700,2198474
2026-06-17,SPY,595.9364,599.6840,593.7895,599.2365,1642434
2026-06-18,SPY,599.7081,607.6703,598.7763,606.8040,1548053
2026-06-19,SPY,607.5050,608.9124,598.8265,601.6792,1648739
2026-06-22,SPY,600.4242,602.3723,596.2469,600.9235,1716467
2026-06-23,SPY,605.1133,607.4534,602.6999,603.3110,1563661
2026-06-24,SPY,601.8115,602.8098,598.0621,598.3391,1862619
2026-06-25,SPY,597.0528,600.1365,589.2013,590.9294,1518398
2026-06-26,SPY,591.8660,594.5483,591.6987,593.6492,980990
2026-06-29,SPY,592.6392,598.2534,590.7403,595.2765,1617912
2026-06-30,SPY,595.3508,596.0133,589.1214,592.1997,1190326
2026-07-01,SPY,590.9034,592.7392,586.4969,587.7481,1478637
2026-07-02,SPY,587.0159,590.6520,586.7649,589.1983,1915854
2026-07-03,SPY,589.4304,590.3543,583.9777,584.9438,2144546
2026-07-06,SPY,582.5169,592.2556,582.0363,590.5954,1734198
2026-07-07,SPY,590.6647,603.8504,589.8384,603.1066,2098620
2026-07-08,SPY,604.4976,611.3815,602.4546,610.3681,1914907
2026-07-09,SPY,610.7201,617.9973,607.5858,617.0926,1653253
2026-07-10,SPY,615.5373,627.7985,614.4087,625.3007,1261254
2026-07-13,SPY,626.1938,637.9490,625.3772,637.0785,1755465
2026-07-14,SPY,635.9991,637.6585,629.8103,631.0205,1928312
2026-07-15,SPY,633.8733,634.1473,627.2797,632.3483,1826613
2026-07-16,SPY,633.6199,635.8827,630.8653,631.6761,1672840
2026-07-17,SPY,631.9679,633.7298,617.7506,618.2134,1268333
2026-07-20,SPY,616.3355,618.0087,610.9061,612.3910,1467628
2026-07-21,SPY,610.9930,612.9702,609.0696,609.6330,1638349
2026-07-22,SPY,610.3270,612.2793,607.7884,608.1917,1979249
2026-07-23,SPY,607.7445,608.4008,606.0582,607.1770,1655882
2026-07-24,SPY,606.5595,610.8612,605.2548,610.1825,1753593
2026-07-27,SPY,607.6655,608.5588,606.5583,607.8763,1664378
2026-07-28,SPY,607.2872,607.5452,604.0437,605.5550,1537388
2026-07-29,SPY,605.5224,610.7986,602.1039,609.8217,1639709
2026-07-30,SPY,607.5974,611.0942,605.8422,610.6638,1547708
2026-07-31,SPY,611.4028,613.5833,600.5109,601.6358,1524307
2026-08-03,SPY,602.3852,606.0884,595.6422,596.1353,1468886
2026-08-04,SPY,594.7090,602.6384,594.5310,602.4595,1356673
2026-08-05,SPY,600.7561,616.3207,597.2682,615.5852,1434480
2026-08-06,SPY,616.9817,617.3521,608.0716,609.2567,1708846
2026-08-07,SPY,610.1609,611.2749,602.1219,602.2049,1235090
2026-08-10,SPY,601.4648,613.5294,600.8545,611.7653,1518098
2026-08-11,SPY,611.7434,618.6926,609.9664,617.1646,1675177
2026-08-12,SPY,618.0354,618.7567,615.5118,616.8018,1823240
2026-08-13,SPY,618.5711,619.5484,614.4173,616.0831,850565
2026-08-14,SPY,616.4785,620.9020,615.8939,620.8620,1892477
2026-08-17,SPY,620.2854,622.7604,617.9658,622.1360,1722311
2026-08-18,SPY,620.8074,626.3640,619.6490,624.5745,1070114
2026-08-19,SPY,621.2393,627.6813,620.9076,626.1498,1915816
2026-08-20,SPY,626.7884,628.0028,618.6938,620.1126,1567479
2026-08-21,SPY,618.6711,625.7079,617.3548,625.5783,1734360
2026-08-24,SPY,623.4570,626.6061,619.2581,621.1105,1719651
2026-08-25,SPY,620.8477,630.9028,619.9934,629.6031,1587635
2026-08-26,SPY,632.0723,633.3394,624.4849,626.3218,918071
2026-08-27,SPY,624.8923,631.0677,623.5384,630.6716,1434461
2026-08-28,SPY,631.7309,634.5989,626.6858,627.4591,1336797
2026-08-31,SPY,629.5084,633.4552,628.1180,632.2497,1583062
2026-09-01,SPY,632.5620,633.9605,631.0663,633.6181,2249690
2026-09-02,SPY,633.0735,633.5917,629.5547,630.5215,1596228
2026-09-03,SPY,632.6066,633.9191,626.5038,627.2172,1243791
2026-09-04,SPY,626.7661,627.3351,626.0449,626.1424,1430048
2026-09-07,SPY,626.1788,628.4206,624.3839,628.3106,1701354
2026-09-08,SPY,626.9434,635.7909,623.8198,635.2039,1359889
2026-09-09,SPY,633.6944,634.3735,630.0459,630.8235,1746886
2026-09-10,SPY,628.2351,637.8767,626.7726,637.7082,1514883
2026-09-11,SPY,638.9938,644.1814,636.0500,643.3316,1344985
2026-09-14,SPY,644.6817,647.7410,638.7605,639.9171,1148514
2026-09-15,SPY,641.3154,645.0923,640.5863,640.8314,1481816
2026-09-16,SPY,640.0792,643.1526,631.2403,631.7252,1664729
2026-09-17,SPY,631.9036,639.3815,629.6806,638.9554,1752226
2026-09-18,SPY,638.8438,640.5592,637.3923,637.9955,802630
2026-09-21,SPY,638.5362,642.9068,638.4058,640.2014,1916617
2026-09-22,SPY,641.9269,643.7715,639.6193,643.5379,1481074
2026-09-23,SPY,645.3242,647.3424,640.2454,640.7577,1153864
2026-09-24,SPY,639.9607,641.1137,636.1010,636.7352,1841234
2026-09-25,SPY,638.1799,647.1784,636.7132,645.6001,1989885
2026-09-28,SPY,647.2265,648.0125,641.0637,642.3748,1352290
2026-09-29,SPY,644.5980,647.2605,640.7571,643.2650,1199103
2026-09-30,SPY,642.2890,649.9481,641.3372,649.8800,1827606
2026-10-01,SPY,651.0042,655.7187,649.2098,654.6190,582367
2025-09-05,XLF,45.2880,45.3241,44.5183,44.8710,659885
2025-09-08,XLF,44.8971,45.2634,44.7995,45.2191,511673
2025-09-09,XLF,45.1878,45.3705,45.0127,45.3578,505346
2025-09-10,XLF,45.5157,45.5259,44.1287,44.2803,538117
2025-09-11,XLF,44.2664,44.9694,44.1361,44.7609,570753
2025-09-12,XLF,44.7994,44.8430,44.7307,44.7816,677719
2025-09-15,XLF,44.7728,45.1557,44.6428,44.9422,606005
2025-09-16,XLF,44.7869,44.8836,44.6500,44.8414,397477
2025-09-17,XLF,44.9088,45.0457,44.2114,44.3977,449878
2025-09-18,XLF,44.4263,44.4437,43.9186,43.9763,591534
2025-09-19,XLF,43.9329,44.0871,43.6952,43.8385,527493
2025-09-22,XLF,43.8595,44.5394,43.4145,44.2801,638705
2025-09-23,XLF,44.2411,45.0331,43.9585,44.6324,434754
2025-09-24,XLF,44.6204,45.3365,44.3204,45.2959,601308
2025-09-25,XLF,45.3272,45.9781,45.3124,45.5775,348102
2025-09-26,XLF,45.5447,46.3744,45.4919,46.2068,315131
2025-09-29,XLF,46.1611,46.5517,45.9932,46.5064,589720
2025-09-30,XLF,46.5215,46.9570,46.0952,46.2165,472107
2025-10-01,XLF,46.1648,46.4981,45.8549,46.2275,661505
2025-10-02,XLF,46.0933,46.1787,45.5435,45.8349,551465
2025-10-03,XLF,45.9245,46.4038,45.7057,46.2211,350207
2025-10-06,XLF,46.1243,46.2528,45.9185,46.1263,499184
2025-10-07,XLF,46.1385,46.4009,46.0926,46.1629,461575
2025-10-08,XLF,46.0443,46.2702,45.7270,46.2452,477310
2025-10-09,XLF,46.1285,46.3038,46.0161,46.0603,734881
2025-10-10,XLF,45.9964,47.2153,45.9843,47.1398,599697
2025-10-13,XLF,47.3167,47.3679,47.0478,47.0561,610944
2025-10-14,XLF,47.1726,47.2494,46.9644,47.1412,448593
2025-10-15,XLF,46.9530,47.2820,46.6446,46.8380,340534
2025-10-16,XLF,46.8115,47.5675,46.6917,47.4057,666796
2025-10-17,XLF,47.3769,47.6040,47.2720,47.3823,511085
2025-10-20,XLF,47.4774,47.7142,46.9069,47.2171,500505
2025-10-21,XLF,47.0924,47.3068,46.3049,46.3530,684141
2025-10-22,XLF,46.3599,46.4870,45.0057,45.2980,532813
2025-10-23,XLF,45.0942,45.9242,44.9803,45.8418,393921
2025-10-24,XLF,45.8544,45.8635,44.8645,45.1109,383407
2025-10-27,XLF,45.1256,45.7860,45.0840,45.7084,358169
2025-10-28,XLF,45.8183,45.8531,45.4316,45.6047,626823
2025-10-29,XLF,45.5188,45.8167,44.7111,44.9554,561460
2025-10-30,XLF,44.7666,45.5266,44.5793,45.4002,238826
2025-10-31,XLF,45.2749,45.4462,44.5475,44.7361,419535
2025-11-03,XLF,44.7247,44.9374,44.6900,44.7820,521549
2025-11-04,XLF,44.8212,45.4694,44.4877,45.1598,594451
2025-11-05,XLF,45.1703,45.2951,44.8257,45.1397,594472
2025-11-06,XLF,45.1221,45.4058,44.1896,44.3406,488793
2025-11-07,XLF,44.4915,45.0716,44.3853,44.7633,375413
2025-11-10,XLF,44.7015,44.7049,44.1983,44.3406,464760
2025-11-11,XLF,44.4336,44.7959,44.3450,44.6802,568775
2025-11-12,XLF,44.6516,44.8706,44.4547,44.5381,405006
2025-11-13,XLF,44.5571,44.6316,44.4313,44.5571,629151
2025-11-14,XLF,44.4878,44.7074,43.9026,44.1168,565133
2025-11-17,XLF,44.1596,44.6182,43.8024,44.3169,477979
2025-11-18,XLF,44.4659,44.6089,43.8419,44.1436,506999
2025-11-19,XLF,44.0477,44.2321,43.7689,43.8698,584098
2025-11-20,XLF,43.9370,44.0079,43.1534,43.2345,590759
2025-11-21,XLF,43.4120,43.5508,42.2416,42.3757,368967
2025-11-24,XLF,42.3211,42.4762,41.7809,41.8386,377849
2025-11-25,XLF,41.7486,41.8961,41.4762,41.5660,439979
2025-11-26,XLF,41.5492,41.6671,41.5424,41.5916,545160
2025-11-27,XLF,41.5965,41.9052,41.4264,41.7423,383341
2025-11-28,XLF,41.8063,42.5450,41.7871,42.3848,522515
2025-12-01,XLF,42.2840,42.5062,41.6307,41.8652,465402
2025-12-02,XLF,42.0578,42.2839,41.9902,42.0823,396401
2025-12-03,XLF,42.0819,42.2657,42.0481,42.2277,492455
2025-12-04,XLF,42.1619,42.6154,41.9772,42.6088,417325
2025-12-05,XLF,42.6278,42.6326,42.1261,42.3903,655825
2025-12-08,XLF,42.5582,42.6114,42.1147,42.2143,504855
2025-12-09,XLF,41.9659,43.3525,41.8041,43.2019,513862
2025-12-10,XLF,43.3502,43.5453,43.1899,43.5065,382771
2025-12-11,XLF,43.5783,43.9854,43.5531,43.7924,484488
2025-12-12,XLF,44.0045,44.0465,43.4295,43.4471,639321
2025-12-15,XLF,43.1493,43.7273,42.9669,43.6330,453044
2025-12-16,XLF,43.4556,44.0049,43.4482,43.6827,500577
2025-12-17,XLF,43.7396,43.9835,43.5107,43.9750,375817
2025-12-18,XLF,43.6156,44.7729,43.2875,44.6721,445910
2025-12-19,XLF,44.7307,45.6455,44.6640,45.4613,582060
2025-12-22,XLF,45.4724,45.6855,45.3826,45.6051,607090
2025-12-23,XLF,45.6197,45.9808,45.1920,45.2671,762808
2025-12-24,XLF,45.3095,45.5646,44.9292,45.0452,428375
2025-12-25,XLF,45.1491,45.8275,45.1364,45.4751,282477
2025-12-26,XLF,45.3543,46.3887,45.2062,46.2375,534561
2025-12-29,XLF,46.2334,46.3443,45.9351,45.9626,427555
2025-12-30,XLF,45.9062,45.9590,45.6974,45.9040,446225
2025-12-31,XLF,45.8798,45.9209,45.0656,45.1948,463333
2026-01-01,XLF,45.0591,46.1949,44.8436,46.0236,455496
2026-01-02,XLF,46.0560,46.7614,46.0229,46.7137,528217
2026-01-05,XLF,46.6822,47.2451,46.4455,47.2313,698805
2026-01-06,XLF,47.2955,47.6005,47.0634,47.2646,545330
2026-01-07,XLF,47.2546,47.3544,46.9083,46.9747,349680
2026-01-08,XLF,47.0231,47.4584,46.9018,47.3998,693304
2026-01-09,XLF,47.4160,47.6234,47.1779,47.3638,646910
2026-01-12,XLF,47.5410,47.7409,47.4203,47.4763,570926
2026-01-13,XLF,47.4902,48.3665,47.3581,47.9087,474395
2026-01-14,XLF,47.9233,48.7591,47.8885,48.7543,359244
2026-01-15,XLF,48.6699,48.7536,48.0415,48.1323,576008
2026-01-16,XLF,48.1802,48.6457,48.1447,48.5780,533645
2026-01-19,XLF,48.3595,48.6008,47.7778,47.8324,587976
2026-01-20,XLF,47.7339,48.1939,47.7248,48.0366,465134
2026-01-21,XLF,48.1697,48.2063,47.6543,47.6813,642282
2026-01-22,XLF,47.6346,47.7758,47.3528,47.3598,539226
2026-01-23,XLF,47.3100,47.5266,47.2352,47.2408,748827
2026-01-26,XLF,47.2540,47.3987,47.0372,47.1437,612548
2026-01-27,XLF,47.0969,48.2224,46.9739,48.1552,660565
2026-01-28,XLF,48.0979,48.4369,48.0405,48.2121,217078
2026-01-29,XLF,48.3541,48.3732,47.7656,48.0136,422428
2026-01-30,XLF,47.9180,48.2584,47.7998,48.1111,401787
2026-02-02,XLF,47.9032,48.5202,47.8881,48.4855,507823
2026-02-03,XLF,48.2961,48.4727,48.2847,48.3228,451470
2026-02-04,XLF,48.2553,48.6770,48.2364,48.5773,307479
2026-02-05,XLF,48.6278,49.1898,48.4628,49.1684,443834
2026-02-06,XLF,49.0732,49.2760,47.9396,48.0495,429011
2026-02-09,XLF,48.1408,48.2634,48.0961,48.2598,485864
2026-02-10,XLF,48.1107,48.3037,47.6548,47.6586,284825
2026-02-11,XLF,47.8381,48.3085,47.8243,48.0341,580024
2026-02-12,XLF,47.7889,48.3966,47.7470,48.1920,531531
2026-02-13,XLF,48.3165,48.3277,47.6502,47.7504,521043
2026-02-16,XLF,47.7549,47.9978,47.6955,47.8527,624313
2026-02-17,XLF,47.5912,47.6589,46.8544,47.1341,816429
2026-02-18,XLF,47.0386,47.3807,46.6641,47.1941,305848
2026-02-19,XLF,47.2162,47.4587,46.9172,47.1499,589082
2026-02-20,XLF,47.2434,47.3119,46.9532,47.1233,444842
2026-02-23,XLF,47.1607,47.3823,46.3139,46.3434,660930
2026-02-24,XLF,46.3866,47.2495,46.3265,47.2012,523445
2026-02-25,XLF,47.6025,47.7826,46.8503,47.0953,374070
2026-02-26,XLF,47.0397,47.2831,47.0172,47.1358,460517
2026-02-27,XLF,47.1095,48.3354,46.9682,48.2882,447585
2026-03-02,XLF,48.4296,48.9313,48.3391,48.7295,428502
2026-03-03,XLF,48.6497,49.4144,48.6229,49.3792,508122
2026-03-04,XLF,49.4498,50.0743,49.1607,50.0729,465297
2026-03-05,XLF,50.2555,50.5479,49.9161,50.0377,269878
2026-03-06,XLF,49.9206,50.0786,49.2773,49.3454,510674
2026-03-09,XLF,49.2291,49.4315,48.8560,48.8833,423654
2026-03-10,XLF,48.7950,49.3269,48.6896,49.1609,732535
2026-03-11,XLF,49.2387,49.4429,48.3364,48.5544,638416
2026-03-12,XLF,48.4432,48.4939,47.5801,47.9335,411884
2026-03-13,XLF,48.0864,48.4377,47.9754,48.3804,296167
2026-03-16,XLF,48.5300,48.5338,48.4853,48.5037,533671
2026-03-17,XLF,48.3773,49.0852,48.3722,48.9108,566543
2026-03-18,XLF,49.0051,49.1582,48.5949,48.7569,441757
2026-03-19,XLF,48.8520,48.9213,48.5139,48.6424,468149
2026-03-20,XLF,48.5945,48.9741,48.5916,48.9299,703622
2026-03-23,XLF,48.8480,49.2467,48.6011,48.6370,394223
2026-03-24,XLF,48.7024,48.7125,47.6419,47.8826,622618
2026-03-25,XLF,47.8121,48.7760,47.7138,48.6273,569644
2026-03-26,XLF,48.5401,48.6031,47.6175,47.8281,543604
2026-03-27,XLF,47.7910,47.8073,47.3060,47.4444,764749
2026-03-30,XLF,47.4420,47.9282,47.4056,47.4905,571118
2026-03-31,XLF,47.4318,47.6705,46.8840,47.0007,346299
2026-04-01,XLF,47.0691,47.2581,46.5253,46.8083,508927
2026-04-02,XLF,46.6774,47.8490,46.5155,47.4868,360615
2026-04-03,XLF,47.5141,47.6883,47.0933,47.1501,558507
2026-04-06,XLF,47.2548,47.4206,46.4610,46.4748,619753
2026-04-07,XLF,46.4845,47.2254,46.3856,47.0952,450348
2026-04-08,XLF,47.1216,47.2089,47.0478,47.2027,663050
2026-04-09,XLF,47.1029,47.2078,46.4777,46.4820,573518
2026-04-10,XLF,46.3695,46.5444,46.2021,46.4835,434985
2026-04-13,XLF,46.2890,46.7009,46.1779,46.5936,266329
2026-04-14,XLF,46.7462,47.0498,45.9971,46.0567,601796
2026-04-15,XLF,46.0435,46.2171,45.9043,46.0158,478322
2026-04-16,XLF,45.9717,46.2529,45.8314,46.0454,648830
2026-04-17,XLF,45.9646,46.2554,45.7905,46.1876,516972
2026-04-20,XLF,46.1680,46.2688,45.4272,45.5051,558759
2026-04-21,XLF,45.3412,45.5575,45.2307,45.3760,596401
2026-04-22,XLF,45.3392,45.4394,45.0409,45.2356,486351
2026-04-23,XLF,45.4513,46.1602,45.2938,45.7971,325963
2026-04-24,XLF,45.8878,45.9513,45.0747,45.1637,516776
2026-04-27,XLF,45.1416,45.2073,44.8024,45.0498,512699
2026-04-28,XLF,45.0477,45.1568,44.7709,44.9785,472407
2026-04-29,XLF,45.0760,45.5927,44.8590,45.5275,402582
2026-04-30,XLF,45.2826,46.2554,45.2704,46.2128,439907
2026-05-01,XLF,46.1224,46.1309,45.8135,45.9602,416571
2026-05-04,XLF,45.9916,46.5649,45.7101,46.5055,424113
2026-05-05,XLF,46.4957,46.7150,46.3391,46.3823,533187
2026-05-06,XLF,46.3078,46.3399,46.2155,46.3398,412226
2026-05-07,XLF,46.1405,46.2875,45.3309,45.6441,141625
2026-05-08,XLF,45.4833,46.1421,45.2860,46.0543,581705
2026-05-11,XLF,46.1909,46.2844,46.0209,46.2659,593595
2026-05-12,XLF,46.2548,46.3826,46.2120,46.3665,481584
2026-05-13,XLF,46.4900,46.5232,45.7197,45.7595,383744
2026-05-14,XLF,45.9032,46.0581,45.6649,45.8231,558019
2026-05-15,XLF,45.5097,46.2881,45.2867,46.2145,370705
2026-05-18,XLF,46.1582,46.8009,46.1011,46.6996,473785
2026-05-19,XLF,46.5656,47.3918,46.2912,47.3690,432445
2026-05-20,XLF,47.4227,47.4484,46.6412,46.7378,501522
2026-05-21,XLF,46.8184,47.2512,46.8010,47.0939,477763
2026-05-22,XLF,47.3074,48.6362,47.2384,48.5097,553073
2026-05-25,XLF,48.4232,48.5492,47.7052,47.8528,721158
2026-05-26,XLF,48.0100,48.1280,47.5979,47.7447,572949
2026-05-27,XLF,47.7720,48.7440,47.5838,48.6413,516113
2026-05-28,XLF,48.4657,49.3930,48.3375,48.9677,273078
2026-05-29,XLF,49.2274,49.2287,48.6261,48.8805,483610
2026-06-01,XLF,49.0537,49.3480,48.7502,48.7675,513380
2026-06-02,XLF,48.8620,49.0637,48.1716,48.1961,541593
2026-06-03,XLF,48.3326,48.4158,47.9915,48.0275,367902
2026-06-04,XLF,47.7523,48.2212,47.4950,48.0036,383209
2026-06-05,XLF,48.0176,48.7023,47.9569,48.3785,641143
2026-06-08,XLF,48.3389,48.5801,48.1523,48.5130,540858
2026-06-09,XLF,48.4796,48.5593,47.7321,48.0046,355805
2026-06-10,XLF,48.0348,48.0937,47.3538,47.4101,450466
2026-06-11,XLF,47.6223,47.7247,46.9242,47.5277,393822
2026-06-12,XLF,47.3810,47.5675,47.0217,47.0724,415651
2026-06-15,XLF,47.0583,47.3287,46.7081,46.7249,619581
2026-06-16,XLF,46.8516,47.7078,46.5545,47.6633,477069
2026-06-17,XLF,47.6042,47.6737,47.4242,47.6618,609972
2026-06-18,XLF,47.8074,47.8374,47.5280,47.8179,508856
2026-06-19,XLF,47.8883,48.4230,47.8098,48.3219,485917
2026-06-22,XLF,48.1093,49.0657,48.0810,48.5848,430367
2026-06-23,XLF,48.6352,48.8340,47.8196,47.8732,380747
2026-06-24,XLF,47.8954,48.3325,47.8242,48.1538,575996
2026-06-25,XLF,48.0962,48.3029,47.9860,48.0596,554959
2026-06-26,XLF,48.0783,48.1524,47.7446,47.9300,597660
2026-06-29,XLF,47.6183,47.7702,47.2576,47.3261,458091
2026-06-30,XLF,47.3387,47.5855,47.1568,47.4708,517960
2026-07-01,XLF,47.4297,47.9187,47.1003,47.8079,552498
2026-07-02,XLF,47.6509,48.6828,47.5766,48.5802,580071
2026-07-03,XLF,48.4861,48.5987,47.9433,48.2565,417954
2026-07-06,XLF,48.1502,48.2452,47.1110,47.2493,475790
2026-07-07,XLF,47.2047,47.3977,46.0708,46.2680,530900
2026-07-08,XLF,46.2192,46.9164,46.1631,46.8840,446038
2026-07-09,XLF,46.6072,46.8173,45.8441,45.9159,551685
2026-07-10,XLF,46.1099,46.2558,45.3977,45.4128,535960
2026-07-13,XLF,45.4587,45.4920,45.0889,45.1588,382192
2026-07-14,XLF,45.0598,45.4096,44.9027,45.2361,363376
2026-07-15,XLF,45.3850,45.6954,44.8258,45.0443,537059
2026-07-16,XLF,45.0902,45.4859,44.9636,45.2968,529286
2026-07-17,XLF,45.3219,45.9121,45.1291,45.8536,513282
2026-07-20,XLF,45.7576,46.9291,45.5671,46.5797,430198
2026-07-21,XLF,46.5970,46.7548,45.7768,45.8504,357702
2026-07-22,XLF,45.8631,46.2343,45.7709,46.1482,452888
2026-07-23,XLF,45.9717,45.9862,44.3917,44.6558,523667
2026-07-24,XLF,44.5471,44.6940,44.2804,44.5116,559195
2026-07-27,XLF,44.6422,44.7278,44.3739,44.5169,620072
2026-07-28,XLF,44.4398,44.4651,44.1586,44.1637,486342
2026-07-29,XLF,43.9622,44.4089,43.5986,44.3307,520979
2026-07-30,XLF,44.4625,44.5243,44.2039,44.3255,433172
2026-07-31,XLF,44.1825,44.5684,44.1709,44.4278,599520
2026-08-03,XLF,44.3636,44.3636,43.2548,43.3036,274687
2026-08-04,XLF,43.3717,43.5677,43.2225,43.4291,610556
2026-08-05,XLF,43.5691,44.6729,43.3493,44.4364,430525
2026-08-06,XLF,44.4932,44.5515,44.0445,44.0475,419107
2026-08-07,XLF,44.2230,44.4721,43.6248,43.8175,597689
2026-08-10,XLF,43.7590,44.1410,43.6776,44.0880,536071
2026-08-11,XLF,44.1790,44.3103,43.6810,43.7416,487725
2026-08-12,XLF,43.7026,43.7737,43.2475,43.5922,593157
2026-08-13,XLF,43.5674,43.7563,43.2652,43.5088,444835
2026-08-14,XLF,43.5907,44.1598,43.5523,43.8561,575844
2026-08-17,XLF,43.9148,44.8624,43.7617,44.8218,380533
2026-08-18,XLF,44.8406,45.1602,44.1350,44.4579,706727
2026-08-19,XLF,44.5189,45.0481,43.9914,44.2657,428819
2026-08-20,XLF,44.4814,45.1151,44.4612,45.0089,543575
2026-08-21,XLF,44.9843,45.4770,44.8604,45.4738,495922
2026-08-24,XLF,45.7643,45.7981,45.3073,45.5318,425788
2026-08-25,XLF,45.3949,45.5079,45.0498,45.2478,505277
2026-08-26,XLF,45.1373,45.2029,45.0987,45.1483,447936
2026-08-27,XLF,45.1310,45.7752,44.9148,45.6524,436727
2026-08-28,XLF,45.7368,46.1002,45.3537,46.0609,497380
2026-08-31,XLF,46.0229,46.0457,45.3001,45.5141,529509
2026-09-01,XLF,45.6611,45.7379,45.0629,45.2278,564178
2026-09-02,XLF,45.4799,45.6865,44.6865,45.0072,566111
2026-09-03,XLF,44.8870,45.0250,44.6668,44.8750,361006
2026-09-04,XLF,44.8105,45.6387,44.4375,45.4413,572570
2026-09-07,XLF,45.5438,46.3857,45.5436,46.0520,564047
2026-09-08,XLF,46.1416,47.2599,46.0584,47.0874,416325
2026-09-09,XLF,47.1818,47.4850,46.9323,47.4637,474114
2026-09-10,XLF,47.5422,47.6012,47.1224,47.2962,442530
2026-09-11,XLF,47.3143,47.8179,46.9883,47.7799,648725
2026-09-14,XLF,47.7338,47.7690,47.3804,47.5870,373020
2026-09-15,XLF,47.6356,48.3410,47.5558,48.3216,493683
2026-09-16,XLF,48.3240,49.1297,48.0885,48.8558,640307
2026-09-17,XLF,48.7473,49.2025,48.7127,48.9636,555390
2026-09-18,XLF,48.8251,50.1473,48.8073,49.7904,478845
2026-09-21,XLF,49.4794,50.5113,49.4788,50.3791,499353
2026-09-22,XLF,50.4395,50.4534,50.0897,50.1918,640014
2026-09-23,XLF,50.3302,51.5471,50.1123,51.4377,408292
2026-09-24,XLF,51.5845,51.8650,51.1843,51.7810,508182
2026-09-25,XLF,51.7080,52.2475,51.5423,52.0685,486963
2026-09-28,XLF,51.7734,51.9805,50.9871,51.0875,511685
2026-09-29,XLF,50.9761,51.8255,50.8586,51.7558,418186
2026-09-30,XLF,51.5964,51.8713,51.0915,51.1856,448536
2026-10-01,XLF,51.2059,52.2242,51.1992,52.2142,327173
2025-09-05,XLK,228.8714,233.0042,228.4196,232.5863,375345
2025-09-08,XLK,232.5700,238.6021,230.9285,238.5449,252593
2025-09-09,XLK,237.1420,237.5316,235.5954,237.0192,451839
2025-09-10,XLK,237.1895,239.2461,235.7805,238.6295,496395
2025-09-11,XLK,238.8894,239.6908,230.6398,231.3991,598658
2025-09-12,XLK,231.7254,238.8971,229.4065,237.7147,512685
2025-09-15,XLK,238.1600,244.4891,237.9110,243.5716,403957
2025-09-16,XLK,244.3658,246.1068,244.1952,245.3471,428840
2025-09-17,XLK,246.3684,247.4894,240.6367,240.9436,451838
2025-09-18,XLK,242.0045,246.3594,241.3145,246.1263,381591
2025-09-19,XLK,245.3144,246.3775,242.8087,243.1099,447011
2025-09-22,XLK,243.6470,244.8470,241.4898,241.6796,508945
2025-09-23,XLK,239.9763,242.5968,239.6950,241.6265,493227
2025-09-24,XLK,240.4000,243.7681,239.3400,242.6725,402439
2025-09-25,XLK,241.0153,247.2043,239.7949,247.0061,412715
2025-09-26,XLK,247.0694,248.6637,245.3670,246.4028,429845
2025-09-29,XLK,248.7614,249.6099,241.6177,242.8454,453703
2025-09-30,XLK,244.0355,248.1914,241.4418,247.7158,341459
2025-10-01,XLK,247.4080,250.6350,247.0925,249.3136,352152
2025-10-02,XLK,248.8133,248.8259,240.9357,243.3277,496316
2025-10-03,XLK,243.2082,245.6482,243.0614,245.5178,409110
2025-10-06,XLK,245.0817,245.3763,239.5945,240.1536,353577
2025-10-07,XLK,237.7473,242.6366,236.5589,240.2472,477853
2025-10-08,XLK,239.9642,240.0840,237.5845,239.2150,469281
2025-10-09,XLK,238.5831,240.2631,238.0386,239.5492,367273
2025-10-10,XLK,238.7806,239.6691,237.0447,237.5463,382572
2025-10-13,XLK,236.3435,239.4704,234.5376,238.5371,446892
2025-10-14,XLK,239.1417,240.6994,237.1462,237.1611,307611
2025-10-15,XLK,237.5994,238.5383,233.3965,233.9121,404205
2025-10-16,XLK,233.8589,235.3571,231.7930,234.6083,483972
2025-10-17,XLK,234.4901,238.2959,231.9538,236.8716,595969
2025-10-20,XLK,237.2407,237.4952,234.1672,234.3419,322868
2025-10-21,XLK,234.5733,238.5864,234.0871,238.4389,459916
2025-10-22,XLK,237.3771,240.8266,236.2772,239.5754,375170
2025-10-23,XLK,239.6390,239.7308,238.4448,239.2711,385896
2025-10-24,XLK,239.0643,240.0253,234.0554,234.8927,366395
2025-10-27,XLK,236.4174,236.6226,233.9236,234.1762,355461
2025-10-28,XLK,235.9268,236.4003,232.7668,233.1816,431509
2025-10-29,XLK,233.2011,234.8587,233.0246,234.6502,490114
2025-10-30,XLK,235.3571,236.2144,232.6829,232.7271,549120
2025-10-31,XLK,233.1035,233.6880,231.9762,232.4593,394693
2025-11-03,XLK,231.2282,233.1681,229.8544,232.8432,417134
2025-11-04,XLK,231.7487,231.8670,227.2851,230.4711,368563
2025-11-05,XLK,230.5126,232.8248,229.6922,232.0601,415722
2025-11-06,XLK,234.0852,235.7490,230.8359,231.2288,454196
2025-11-07,XLK,231.9738,232.1224,226.4500,226.5303,317930
2025-11-10,XLK,227.7631,231.2824,226.5434,231.1012,475055
2025-11-11,XLK,231.4529,231.4857,227.0301,227.2268,551778
2025-11-12,XLK,227.0980,227.2518,219.4558,220.5809,327660
2025-11-13,XLK,220.8946,223.9961,220.1412,223.6157,218371
2025-11-14,XLK,223.1307,225.8358,222.0021,225.2603,395565
2025-11-17,XLK,225.4069,225.6206,224.9477,225.4034,458630
2025-11-18,XLK,226.0193,228.6302,225.2867,228.0078,301021
2025-11-19,XLK,228.3443,230.3404,227.6129,229.0604,409253
2025-11-20,XLK,228.3917,229.1525,226.0493,227.3796,635377
2025-11-21,XLK,228.8219,229.3121,227.4206,229.0611,283927
2025-11-24,XLK,229.8211,230.9166,227.8767,228.3961,551774
2025-11-25,XLK,230.2887,230.5355,226.3859,227.7338,338890
2025-11-26,XLK,226.3447,229.7433,226.2944,229.5167,382968
2025-11-27,XLK,228.6091,233.1148,228.3739,232.6186,281793
2025-11-28,XLK,233.5355,233.9515,226.9526,227.5104,564274
2025-12-01,XLK,228.0922,228.3935,226.6690,227.7799,266226
2025-12-02,XLK,228.5210,229.0497,223.6742,224.8022,309639
2025-12-03,XLK,225.0072,225.7530,223.6437,225.7143,538798
2025-12-04,XLK,226.2803,227.7171,225.8874,227.2581,274546
2025-12-05,XLK,227.0566,229.1587,225.1440,228.5690,379392
2025-12-08,XLK,227.0589,229.4470,224.4786,228.6265,287286
2025-12-09,XLK,228.2687,231.6826,227.6480,230.4490,404816
2025-12-10,XLK,231.1389,234.3240,230.3563,232.1772,479172
2025-12-11,XLK,231.2987,232.9840,230.9015,231.9627,540480
2025-12-12,XLK,231.6904,236.1838,230.3213,234.8559,374132
2025-12-15,XLK,234.0887,235.7050,224.9799,226.4764,338237
2025-12-16,XLK,226.9737,228.4665,224.4623,224.8928,474585
2025-12-17,XLK,225.1137,230.0115,224.5691,228.9439,465324
2025-12-18,XLK,228.4932,228.9717,223.8025,225.2237,454303
2025-12-19,XLK,224.9746,232.6726,224.9060,231.6894,533651
2025-12-22,XLK,232.6609,233.9159,227.2643,227.5223,539081
2025-12-23,XLK,228.4750,230.2070,228.0675,228.4657,319126
2025-12-24,XLK,228.7744,229.5718,224.3488,226.7433,389884
2025-12-25,XLK,227.1290,228.0910,224.2242,226.0862,394588
2025-12-26,XLK,226.4433,227.5426,225.2744,225.5783,438588
2025-12-29,XLK,225.8166,226.4840,223.4708,223.8355,469854
2025-12-30,XLK,224.6588,226.3085,218.2250,219.6907,351912
2025-12-31,XLK,218.2326,226.4296,217.2008,226.1686,379456
2026-01-01,XLK,226.4289,226.5395,223.3940,223.4666,497390
2026-01-02,XLK,224.7054,230.4095,224.4033,228.6174,297091
2026-01-05,XLK,228.6804,230.6625,223.4375,225.8684,146986
2026-01-06,XLK,225.3658,226.2081,223.8878,224.6791,283948
2026-01-07,XLK,225.9186,227.7953,217.3641,218.3814,275636
2026-01-08,XLK,217.6729,218.9053,215.3414,215.3984,396398
2026-01-09,XLK,215.7470,219.7602,212.1472,219.4718,427241
2026-01-12,XLK,217.2038,218.2763,215.3990,216.7986,419375
2026-01-13,XLK,215.5326,216.2601,214.1660,215.2217,306071
2026-01-14,XLK,215.9423,217.7394,214.4130,214.8750,511708
2026-01-15,XLK,214.4613,214.5292,210.4754,210.8233,419283
2026-01-16,XLK,211.4323,212.5285,209.1449,209.1709,504843
2026-01-19,XLK,208.7002,212.1049,207.7954,210.8161,267718
2026-01-20,XLK,211.6056,212.0062,209.7912,211.9882,570646
2026-01-21,XLK,211.3610,212.3714,209.7715,210.7466,337163
2026-01-22,XLK,210.8770,211.2508,207.6066,207.7304,449797
2026-01-23,XLK,207.0695,208.0096,206.5197,206.5358,418824
2026-01-26,XLK,208.2148,210.4203,206.4418,209.6198,508842
2026-01-27,XLK,209.6735,209.6775,206.7223,209.0689,363772
2026-01-28,XLK,209.3527,213.5538,208.1099,212.8560,520980
2026-01-29,XLK,213.4182,214.8154,210.4593,211.5711,330285
2026-01-30,XLK,211.2108,212.6454,210.4436,212.6004,348875
2026-02-02,XLK,211.8701,212.3368,211.3438,212.1807,384195
2026-02-03,XLK,212.4434,214.1274,208.7281,209.0570,525509
2026-02-04,XLK,208.9689,209.4063,206.1921,206.3011,333655
2026-02-05,XLK,206.5351,209.0478,205.8718,208.2582,350355
2026-02-06,XLK,207.9958,210.5667,207.3482,210.4181,447956
2026-02-09,XLK,209.4023,210.4702,208.4340,209.4436,394469
2026-02-10,XLK,210.0107,211.2909,206.1732,206.4482,352285
2026-02-11,XLK,206.8264,210.5186,205.9407,210.0622,411111
2026-02-12,XLK,210.9034,211.6737,206.5514,207.2420,533026
2026-02-13,XLK,207.4255,208.6416,203.5997,204.6410,568416
2026-02-16,XLK,205.0003,205.8471,203.0349,203.6256,383173
2026-02-17,XLK,203.5688,203.7547,202.1481,202.8917,663484
2026-02-18,XLK,203.6038,204.8844,202.0435,204.2356,506163
2026-02-19,XLK,204.0529,205.9785,203.1937,204.4046,271649
2026-02-20,XLK,204.3655,204.6824,199.9485,200.4588,418715
2026-02-23,XLK,201.1327,202.0637,200.3016,201.4753,536279
2026-02-24,XLK,202.2169,202.5871,201.8985,202.4226,335999
2026-02-25,XLK,202.1528,203.3242,201.9515,202.4990,585579
2026-02-26,XLK,202.0153,203.0245,201.6584,202.0292,355969
2026-02-27,XLK,201.2867,203.0504,200.3158,202.4000,584289
2026-03-02,XLK,201.2692,205.4620,201.2589,205.1787,414561
2026-03-03,XLK,205.6696,205.7240,197.6240,199.0461,352952
2026-03-04,XLK,198.9708,202.5701,198.4727,201.8485,417937
2026-03-05,XLK,201.6562,202.0003,199.5615,200.0775,335917
2026-03-06,XLK,200.9801,204.3126,200.3525,204.0108,408933
2026-03-09,XLK,204.9728,205.1977,204.4905,204.5493,517281
2026-03-10,XLK,205.7254,208.0884,205.0539,207.8710,292189
2026-03-11,XLK,208.1843,209.3272,201.8236,202.8254,419275
2026-03-12,XLK,202.4496,205.2763,201.6645,204.9852,485989
2026-03-13,XLK,204.0387,207.6863,202.1562,205.9731,291917
2026-03-16,XLK,206.3930,206.6348,206.3445,206.4472,493723
2026-03-17,XLK,206.0846,207.5714,199.0530,199.4833,497603
2026-03-18,XLK,200.2593,205.4965,200.2312,204.8509,342058
2026-03-19,XLK,204.4068,207.9245,203.3995,207.5362,386033
2026-03-20,XLK,206.1847,206.2959,205.7068,205.8109,470881
2026-03-23,XLK,206.1805,206.6877,199.8531,200.9365,481922
2026-03-24,XLK,201.6336,205.1483,200.8079,202.8884,477024
2026-03-25,XLK,202.6350,202.9883,202.4138,202.4253,446391
2026-03-26,XLK,202.7877,203.6056,194.5972,196.7179,295754
2026-03-27,XLK,196.5535,196.6970,194.6146,195.6300,414948
2026-03-30,XLK,195.7380,197.2655,192.5433,192.9009,204265
2026-03-31,XLK,193.4990,195.7864,193.3035,194.5439,354781
2026-04-01,XLK,194.1072,194.8105,192.6256,194.6486,381027
2026-04-02,XLK,194.5290,197.3709,194.0468,196.7632,521771
2026-04-03,XLK,195.5542,202.0515,195.5301,201.9351,581161
2026-04-06,XLK,201.9974,202.7044,199.7539,200.2691,392895
2026-04-07,XLK,200.3625,200.5001,198.5847,198.8537,456391
2026-04-08,XLK,199.7659,200.2945,196.7214,197.4370,399212
2026-04-09,XLK,196.8264,200.8901,196.7370,199.8727,397433
2026-04-10,XLK,199.5662,207.3773,198.8241,206.5169,417486
2026-04-13,XLK,206.3445,207.2505,204.8877,205.2636,401831
2026-04-14,XLK,205.9649,206.5506,200.3236,201.8423,235445
2026-04-15,XLK,201.7848,204.3066,201.4360,203.9957,487467
2026-04-16,XLK,204.6232,205.2293,202.7046,204.5744,285621
2026-04-17,XLK,204.1127,205.4975,203.0771,204.6358,265079
2026-04-20,XLK,205.7046,210.5640,203.8172,210.5307,329657
2026-04-21,XLK,210.9433,212.3835,209.8772,212.2757,419237
2026-04-22,XLK,211.6000,215.6891,210.6991,215.5736,376178
2026-04-23,XLK,215.6968,217.0872,214.3476,214.7249,338058
2026-04-24,XLK,215.2223,216.3790,212.3176,213.8383,426582
2026-04-27,XLK,215.5062,216.2413,211.4340,212.7732,445674
2026-04-28,XLK,212.8799,213.1003,208.2064,208.7214,334358
2026-04-29,XLK,207.7769,208.0317,202.5654,202.9052,432920
2026-04-30,XLK,201.7439,206.3598,200.7565,205.3860,546536
2026-05-01,XLK,204.9855,210.2149,203.6885,209.6345,254170
2026-05-04,XLK,209.8630,210.8488,209.8267,210.7413,422406
2026-05-05,XLK,210.4485,210.6755,206.0875,207.0355,451272
2026-05-06,XLK,208.0856,208.3987,205.6252,207.5514,362291
2026-05-07,XLK,207.1109,208.6923,206.3062,206.7606,474926
2026-05-08,XLK,206.7585,206.8759,201.2607,201.9116,376989
2026-05-11,XLK,202.6057,202.9410,200.7599,201.7795,474331
2026-05-12,XLK,203.1340,203.8939,202.3331,203.4500,354046
2026-05-13,XLK,202.6779,206.7755,202.6112,206.3186,419266
2026-05-14,XLK,205.6979,205.7675,204.6419,204.8956,311227
2026-05-15,XLK,204.6074,207.0751,203.1258,203.5852,520872
2026-05-18,XLK,203.6552,204.5177,198.2661,198.3187,309421
2026-05-19,XLK,198.4060,199.4188,198.0040,199.1139,317286
2026-05-20,XLK,198.5216,201.7725,196.3407,200.0138,480577
2026-05-21,XLK,199.0352,206.1592,197.9284,205.5529,441536
2026-05-22,XLK,204.5595,206.2631,201.7347,202.7996,294036
2026-05-25,XLK,201.8422,206.9616,201.4970,205.9311,484464
2026-05-26,XLK,206.6730,208.0808,206.0603,207.3119,472240
2026-05-27,XLK,205.4392,209.5996,204.9478,208.5592,446116
2026-05-28,XLK,209.5588,209.9785,205.5049,206.2638,528603
2026-05-29,XLK,206.0676,208.2919,205.2992,208.0788,361000
2026-06-01,XLK,208.7287,210.9962,208.1938,210.6900,607036
2026-06-02,XLK,209.9199,210.3371,205.6226,207.0436,347379
2026-06-03,XLK,206.8263,208.6944,206.1734,208.6598,320968
2026-06-04,XLK,208.5897,209.0556,206.3002,206.4648,396594
2026-06-05,XLK,207.0377,208.5898,206.1965,208.4629,428506
2026-06-08,XLK,207.5335,215.8912,206.8948,214.7747,272452
2026-06-09,XLK,215.0488,215.5584,210.7588,211.2514,595176
2026-06-10,XLK,211.3512,211.9573,208.6353,208.9099,528658
2026-06-11,XLK,208.8644,210.9071,207.0860,210.1948,423019
2026-06-12,XLK,209.9837,211.7378,209.8912,211.1001,427655
2026-06-15,XLK,211.1192,213.6107,210.0454,213.2555,537849
2026-06-16,XLK,212.8618,213.0695,208.0046,209.1839,429493
2026-06-17,XLK,209.1174,209.3427,203.6813,205.7694,435430
2026-06-18,XLK,206.7480,206.7583,204.4457,206.0339,390688
2026-06-19,XLK,206.4199,206.5475,203.3425,204.4921,349073
2026-06-22,XLK,203.8163,206.7618,202.9768,205.8690,440542
2026-06-23,XLK,205.8077,207.6059,205.4533,207.6033,454211
2026-06-24,XLK,207.2129,207.2256,206.3187,207.0209,571783
2026-06-25,XLK,206.6960,211.3757,206.2903,211.1103,521764
2026-06-26,XLK,210.9929,212.1055,207.3646,207.8623,398536
2026-06-29,XLK,208.2490,208.4562,207.6692,208.0169,380807
2026-06-30,XLK,208.4095,210.8044,207.5329,209.8361,373062
2026-07-01,XLK,209.9601,212.5681,209.3141,211.3221,476179
2026-07-02,XLK,211.5514,213.9622,210.6619,212.5036,395346
2026-07-03,XLK,212.0009,212.8837,209.1335,209.3632,337122
2026-07-06,XLK,208.8035,208.9125,206.9479,206.9617,343795
2026-07-07,XLK,207.8815,208.0536,206.6918,207.0437,456908
2026-07-08,XLK,206.5715,211.3129,205.8862,209.0070,396011
2026-07-09,XLK,208.8356,212.8159,208.7872,212.7706,391366
2026-07-10,XLK,213.1731,216.5104,212.1437,215.5157,447626
2026-07-13,XLK,216.0440,219.5801,214.9712,219.5159,323098
2026-07-14,XLK,219.9425,221.4620,219.0946,220.6110,341916
2026-07-15,XLK,219.9136,226.5257,218.6130,224.2544,408006
2026-07-16,XLK,224.1211,224.7018,222.2532,222.2625,551829
2026-07-17,XLK,222.6115,225.2347,221.7306,224.1556,527467
2026-07-20,XLK,223.9334,229.3199,223.7715,227.9840,373015
2026-07-21,XLK,228.2103,229.1253,227.3716,227.6094,533554
2026-07-22,XLK,227.4290,231.5304,227.3672,230.3640,471162
2026-07-23,XLK,230.4762,230.8152,229.0313,229.2184,350952
2026-07-24,XLK,230.7334,232.9688,225.4394,226.5577,299785
2026-07-27,XLK,226.6124,227.0041,225.8596,226.8064,423040
2026-07-28,XLK,224.8470,230.8106,224.7362,229.0200,591819
2026-07-29,XLK,229.2299,230.5711,224.1791,225.1467,385218
2026-07-30,XLK,225.7980,229.2898,225.5180,228.5494,389441
2026-07-31,XLK,228.9101,230.4316,225.1303,225.9972,414547
2026-08-03,XLK,226.0379,228.4640,226.0328,227.2891,449469
2026-08-04,XLK,227.2049,231.5377,226.5461,229.8365,362102
2026-08-05,XLK,230.3478,231.4465,226.8335,228.4449,365369
2026-08-06,XLK,228.8420,229.8071,227.9477,229.2844,496157
2026-08-07,XLK,228.6262,232.1421,227.7828,231.9846,317105
2026-08-10,XLK,231.6497,234.9856,230.6263,233.5566,388598
2026-08-11,XLK,233.9640,235.0889,231.4751,231.7837,591767
2026-08-12,XLK,231.6953,234.8872,230.4821,234.7571,289951
2026-08-13,XLK,234.1948,235.6395,233.8381,235.4188,396214
2026-08-14,XLK,235.3002,237.3411,233.7091,235.8563,476893
2026-08-17,XLK,236.2368,237.2261,231.3943,231.7036,384480
2026-08-18,XLK,232.7728,233.2475,230.2564,231.2304,449934
2026-08-19,XLK,230.5536,236.7264,229.1118,236.6040,452541
2026-08-20,XLK,237.7356,239.3753,236.1682,238.0835,545761
2026-08-21,XLK,238.5174,242.6529,236.9421,242.1112,388027
2026-08-24,XLK,242.9825,244.9469,240.6702,241.1022,477001
2026-08-25,XLK,241.5966,246.6309,240.1312,245.8091,507858
2026-08-26,XLK,246.4190,247.7160,243.1962,244.0571,356475
2026-08-27,XLK,243.9939,245.9640,243.5740,245.4641,348567
2026-08-28,XLK,245.8831,246.8401,244.9540,246.4796,247456
2026-08-31,XLK,244.8141,246.9196,244.8135,246.6054,513246
2026-09-01,XLK,246.8720,254.3320,246.4804,253.0043,561779
2026-09-02,XLK,252.6512,253.8408,248.2133,251.4438,319268
2026-09-03,XLK,250.0934,260.3053,249.9651,258.3205,446163
2026-09-04,XLK,259.1083,261.4343,257.9455,260.6005,405959
2026-09-07,XLK,261.1127,261.6285,256.4503,256.5934,449777
2026-09-08,XLK,255.6965,257.4949,251.9990,252.0354,370278
2026-09-09,XLK,250.7579,252.1967,248.4900,249.3222,394914
2026-09-10,XLK,249.4485,251.6785,247.4676,251.2512,282261
2026-09-11,XLK,250.3810,254.7080,248.1996,253.9224,286651
2026-09-14,XLK,253.3851,256.4271,253.0029,256.1041,467137
2026-09-15,XLK,256.4537,256.5425,253.3866,253.6231,554131
2026-09-16,XLK,254.3151,255.0685,252.3911,252.8467,389283
2026-09-17,XLK,251.7212,258.7897,251.6515,255.5400,309505
2026-09-18,XLK,254.9752,258.9668,254.2858,258.5339,514825
2026-09-21,XLK,257.8477,258.5151,249.5252,250.7933,377102
2026-09-22,XLK,251.4639,252.0541,244.5289,246.4518,365876
2026-09-23,XLK,248.1257,250.5662,243.8833,244.7749,398230
2026-09-24,XLK,245.3725,245.4140,241.7951,243.7524,326382
2026-09-25,XLK,243.0743,243.8096,240.9834,242.3994,419071
2026-09-28,XLK,243.4166,243.4786,237.8415,239.7494,325292
2026-09-29,XLK,239.8063,241.6276,238.3723,239.3902,507307
2026-09-30,XLK,241.0302,246.3608,240.4441,246.0427,578569
2026-10-01,XLK,245.3657,248.6419,244.9888,246.6980,397838
2025-09-05,XLE,89.9271,90.2868,88.0021,88.5820,380484
2025-09-08,XLE,88.7317,89.7846,86.3798,86.9836,355477
2025-09-09,XLE,86.9993,87.3021,84.7304,85.7776,164096
2025-09-10,XLE,85.7434,86.6746,85.1126,85.2117,531374
2025-09-11,XLE,85.1166,85.6673,84.4093,85.2515,421984
2025-09-12,XLE,85.2323,86.1091,84.9290,85.5124,269428
2025-09-15,XLE,86.0780,88.3502,85.8235,88.1502,211001
2025-09-16,XLE,88.1136,89.4735,88.0910,89.1210,379063
2025-09-17,XLE,89.7426,91.3294,89.1966,90.7356,297247
2025-09-18,XLE,90.5721,90.8951,89.3960,90.0483,289435
2025-09-19,XLE,90.1629,90.6148,89.4832,89.6584,234205
2025-09-22,XLE,89.4958,89.9327,87.7960,88.8445,354600
2025-09-23,XLE,88.5001,90.0968,87.7224,89.8992,400954
2025-09-24,XLE,90.0125,90.0555,88.0529,88.5941,475915
2025-09-25,XLE,88.2507,88.7606,87.7709,87.8310,320628
2025-09-26,XLE,87.3491,88.3821,86.1005,86.6848,331870
2025-09-29,XLE,86.1786,86.8097,85.4385,86.6420,407043
2025-09-30,XLE,86.7225,88.0200,85.8177,85.9065,392174
2025-10-01,XLE,85.9620,86.2521,84.1153,84.8623,395063
2025-10-02,XLE,84.8116,85.2082,84.7537,84.7605,396754
2025-10-03,XLE,85.1636,85.5344,84.8575,85.5097,381114
2025-10-06,XLE,85.6767,86.1238,84.5370,84.5965,439357
2025-10-07,XLE,84.9810,85.4225,84.5477,84.7714,387899
2025-10-08,XLE,84.8731,85.8105,84.0560,85.1800,453492
2025-10-09,XLE,85.1059,85.5107,83.2964,83.7066,584544
2025-10-10,XLE,83.1820,84.5968,83.1071,84.3230,282997
2025-10-13,XLE,84.1703,84.4010,83.7610,84.1162,466877
2025-10-14,XLE,83.6514,84.1959,83.2913,84.0445,322296
2025-10-15,XLE,83.7832,84.1260,83.7388,83.7806,395751
2025-10-16,XLE,83.7904,83.9725,81.9084,82.0488,442735
2025-10-17,XLE,81.5365,82.1117,81.5024,81.6081,287034
2025-10-20,XLE,81.8697,82.4391,81.8373,82.1971,346489
2025-10-21,XLE,82.3804,82.8745,81.4519,81.6916,404487
2025-10-22,XLE,81.9776,82.7930,81.2354,81.4433,509719
2025-10-23,XLE,81.1516,83.6786,80.9554,82.9658,381595
2025-10-24,XLE,83.2571,83.4553,82.3905,82.5278,415967
2025-10-27,XLE,82.3478,82.4311,81.5947,81.9088,441858
2025-10-28,XLE,81.9912,83.8306,81.9622,83.7713,282797
2025-10-29,XLE,83.6285,84.2073,81.2684,81.6794,451973
2025-10-30,XLE,81.3236,81.6111,80.1359,80.5224,416603
2025-10-31,XLE,80.6293,82.4580,80.3366,81.3493,393143
2025-11-03,XLE,81.2270,82.5297,80.6568,82.1578,456143
2025-11-04,XLE,81.8975,83.6323,81.7595,83.3249,494782
2025-11-05,XLE,83.3994,85.3572,82.5589,84.9771,426754
2025-11-06,XLE,84.9984,87.9352,84.9910,87.8652,388454
2025-11-07,XLE,87.7783,88.4416,86.4887,86.6061,517165
2025-11-10,XLE,86.2572,87.5736,86.1859,87.5426,298356
2025-11-11,XLE,87.0578,88.3412,86.7676,87.7263,382159
2025-11-12,XLE,87.7799,88.3276,87.2896,87.6560,381474
2025-11-13,XLE,86.6561,87.1159,86.2500,86.3748,391564
2025-11-14,XLE,86.5351,87.7167,84.0843,84.6391,249059
2025-11-17,XLE,84.5103,85.2076,84.1416,84.9667,391232
2025-11-18,XLE,85.3634,85.7824,83.5029,83.8540,229910
2025-11-19,XLE,83.9420,84.3399,81.5894,82.1539,331434
2025-11-20,XLE,82.0757,82.2026,81.6970,81.9006,397008
2025-11-21,XLE,81.9495,82.9821,80.1821,80.3708,574858
2025-11-24,XLE,80.4685,80.4689,80.1126,80.3663,431632
2025-11-25,XLE,80.7896,81.2771,79.5939,80.1738,319090
2025-11-26,XLE,79.8932,81.0312,79.6283,79.7480,450327
2025-11-27,XLE,79.0169,82.2027,78.6639,82.0417,339072
2025-11-28,XLE,82.2249,82.7726,82.0727,82.5485,314307
2025-12-01,XLE,82.8217,85.2589,81.8781,84.6799,261364
2025-12-02,XLE,84.8683,85.2891,84.4752,85.2458,478704
2025-12-03,XLE,85.2671,85.5621,84.3314,84.7607,321926
2025-12-04,XLE,84.0918,85.7346,83.7158,85.3124,437731
2025-12-05,XLE,85.6126,85.6205,82.8525,83.0794,288016
2025-12-08,XLE,83.5966,85.0833,83.0698,84.8337,421069
2025-12-09,XLE,84.8163,86.1077,84.1762,85.9307,197612
2025-12-10,XLE,85.7649,89.1233,85.4917,88.7956,407696
2025-12-11,XLE,88.5282,89.0525,88.4925,88.6773,385171
2025-12-12,XLE,88.8489,90.4568,88.2271,89.6692,240849
2025-12-15,XLE,90.0826,92.9012,89.9544,92.6718,353625
2025-12-16,XLE,92.7352,93.1458,91.9419,92.8256,494734
2025-12-17,XLE,93.1494,94.7427,92.8584,94.3393,248573
2025-12-18,XLE,94.4262,96.2375,94.1297,95.8607,373556
2025-12-19,XLE,96.2816,97.1355,94.2645,94.4301,395614
2025-12-22,XLE,94.6902,95.3001,92.1841,93.0687,238247
2025-12-23,XLE,92.7894,92.9970,91.9037,92.3395,209121
2025-12-24,XLE,92.3534,97.3307,92.0206,96.4948,405715
2025-12-25,XLE,96.4300,98.7859,95.9756,98.5460,218722
2025-12-26,XLE,98.1689,98.4563,98.1595,98.2857,454155
2025-12-29,XLE,98.3647,99.0801,95.6736,96.1224,443633
2025-12-30,XLE,96.8009,97.1123,94.2363,94.2693,538404
2025-12-31,XLE,93.7723,94.4963,93.4602,94.2723,500654
2026-01-01,XLE,94.1558,94.4303,93.1098,93.3776,550392
2026-01-02,XLE,93.0650,93.1459,91.4762,91.4766,394709
2026-01-05,XLE,91.4576,94.2171,90.9338,94.1268,387653
2026-01-06,XLE,94.1527,95.1812,93.9793,94.2941,351186
2026-01-07,XLE,94.0190,94.6361,93.4441,94.3922,364514
2026-01-08,XLE,95.1482,95.3846,92.1014,92.5985,433089
2026-01-09,XLE,92.8236,94.2385,92.5513,93.4145,427987
2026-01-12,XLE,94.1565,95.5860,93.1461,95.4463,465378
2026-01-13,XLE,95.4988,95.7944,93.4164,93.6389,452611
2026-01-14,XLE,93.2748,95.4213,93.0058,94.1614,206801
2026-01-15,XLE,93.8462,95.3324,93.3463,94.5296,376892
2026-01-16,XLE,94.5547,96.8034,94.3253,95.4901,436300
2026-01-19,XLE,94.9928,95.2332,94.2194,94.6593,329804
2026-01-20,XLE,94.6169,95.0163,93.8004,94.0889,268137
2026-01-21,XLE,93.7621,97.0330,93.7177,96.9701,329579
2026-01-22,XLE,97.7387,98.4202,96.5412,97.9514,454659
2026-01-23,XLE,97.5823,97.9118,95.6297,96.0205,172995
2026-01-26,XLE,96.1659,96.5778,94.9492,95.8606,281984
2026-01-27,XLE,95.8268,98.7051,95.4752,98.4510,351940
2026-01-28,XLE,98.8255,99.1179,95.4469,96.0988,320105
2026-01-29,XLE,96.1458,96.6006,93.7402,94.4417,391603
2026-01-30,XLE,94.3361,94.9446,93.3823,94.0702,266436
2026-02-02,XLE,94.3179,94.4484,92.8235,92.8524,284154
2026-02-03,XLE,92.5551,92.8490,90.3753,90.8081,475507
2026-02-04,XLE,91.1779,91.5916,90.2950,90.7938,460020
2026-02-05,XLE,90.7187,90.9050,89.5962,89.8770,371327
2026-02-06,XLE,89.8149,91.4020,89.5278,91.1238,340912
2026-02-09,XLE,90.4442,91.0769,89.1586,89.4908,404646
2026-02-10,XLE,89.7430,90.0292,86.0830,86.3897,345382
2026-02-11,XLE,86.1147,87.1182,85.7265,86.5650,284392
2026-02-12,XLE,86.0921,86.8312,85.4094,85.4672,341962
2026-02-13,XLE,85.4739,85.6530,83.8537,83.9124,492815
2026-02-16,XLE,83.4231,83.7681,83.3046,83.6413,271858
2026-02-17,XLE,83.7613,84.6734,83.7231,84.3932,269316
2026-02-18,XLE,84.7084,85.7911,83.7203,85.5434,424893
2026-02-19,XLE,85.7641,86.4697,85.6308,86.4635,454769
2026-02-20,XLE,86.5045,89.4430,86.1580,89.1474,489900
2026-02-23,XLE,88.7792,90.7547,88.0012,90.4385,404759
2026-02-24,XLE,89.9742,91.5507,89.7718,90.9828,310917
2026-02-25,XLE,91.5006,91.6086,89.3205,90.2361,475128
2026-02-26,XLE,90.5834,90.7388,87.7749,88.0205,404435
2026-02-27,XLE,88.1761,88.8495,87.5522,87.6745,387586
2026-03-02,XLE,87.5322,89.2492,87.4981,88.8456,392527
2026-03-03,XLE,88.5345,89.8919,87.5673,88.9637,333236
2026-03-04,XLE,88.6697,89.2400,87.9784,89.0695,461062
2026-03-05,XLE,89.0825,89.2736,85.3823,85.9590,504860
2026-03-06,XLE,86.1732,86.8935,84.7603,84.8030,446409
2026-03-09,XLE,85.0398,86.9407,84.8551,86.8182,391317
2026-03-10,XLE,86.8184,87.4745,85.0693,85.3762,338227
2026-03-11,XLE,85.4485,85.7019,83.9753,85.0573,472336
2026-03-12,XLE,85.2414,85.4760,84.1465,84.8745,316978
2026-03-13,XLE,84.8467,86.0781,84.7241,85.3785,524036
2026-03-16,XLE,85.5898,87.4717,84.9073,87.2873,411951
2026-03-17,XLE,87.2845,89.2357,87.0677,89.0742,528584
2026-03-18,XLE,89.3702,89.5124,87.5431,87.5495,425740
2026-03-19,XLE,87.6560,88.1439,85.3773,85.9536,590106
2026-03-20,XLE,85.8775,85.8875,85.0154,85.1611,349084
2026-03-23,XLE,85.7130,85.9332,81.4263,82.4123,235365
2026-03-24,XLE,81.9050,82.0331,80.4617,80.8557,490859
2026-03-25,XLE,80.4787,85.1418,80.1875,84.5329,517518
2026-03-26,XLE,84.5319,84.9351,84.4134,84.5561,379350
2026-03-27,XLE,85.3415,85.4107,83.5109,83.7681,473796
2026-03-30,XLE,84.0876,84.4916,83.4288,83.6396,275032
2026-03-31,XLE,83.9254,85.0785,83.2905,84.9887,339527
2026-04-01,XLE,85.3916,86.6080,85.0381,85.2926,195470
2026-04-02,XLE,85.1824,85.5701,83.0379,83.1827,607012
2026-04-03,XLE,83.0021,83.4476,82.9109,83.2386,407319
2026-04-06,XLE,83.0013,83.8253,81.7006,81.8768,357428
2026-04-07,XLE,82.1703,82.5566,81.5738,82.3779,449070
2026-04-08,XLE,82.4742,83.1061,80.5668,81.2505,305104
2026-04-09,XLE,81.3208,82.3322,81.2918,82.1804,277484
2026-04-10,XLE,82.0296,84.2425,81.8642,83.8960,523760
2026-04-13,XLE,84.4985,87.6811,83.9323,87.2510,376184
2026-04-14,XLE,87.5897,89.0368,87.2705,88.5180,363472
2026-04-15,XLE,88.5433,88.8742,88.1542,88.5246,489239
2026-04-16,XLE,88.1434,89.9033,87.3299,89.6187,458741
2026-04-17,XLE,89.8556,90.3906,89.3619,89.4025,448933
2026-04-20,XLE,89.1760,92.4313,88.9446,91.4090,431499
2026-04-21,XLE,91.0391,91.5294,88.9015,88.9806,314001
2026-04-22,XLE,89.4452,89.7948,87.3418,87.6987,335683
2026-04-23,XLE,88.3383,90.0191,88.1111,89.9589,266276
2026-04-24,XLE,89.7683,89.7928,88.5940,88.6986,297131
2026-04-27,XLE,88.7219,91.3375,88.6395,90.9119,340119
2026-04-28,XLE,90.6618,91.9775,90.6302,91.5807,418153
2026-04-29,XLE,91.0401,96.4172,90.7694,96.3802,431582
2026-04-30,XLE,96.8574,96.9793,95.2865,95.4515,435149
2026-05-01,XLE,95.2612,95.5332,94.5482,95.3836,406975
2026-05-04,XLE,95.0770,97.4788,94.9639,97.1992,343474
2026-05-05,XLE,96.6554,97.7339,96.4937,97.0944,516849
2026-05-06,XLE,97.0440,97.3378,96.1895,96.4762,390263
2026-05-07,XLE,96.1956,97.2950,93.8955,94.4142,510997
2026-05-08,XLE,94.7339,96.4192,94.4333,95.4268,372037
2026-05-11,XLE,95.7366,96.7983,94.8443,95.3393,367270
2026-05-12,XLE,95.2117,96.9979,94.1850,96.5060,485072
2026-05-13,XLE,97.2614,97.4628,96.1771,96.1867,443156
2026-05-14,XLE,96.1829,96.4919,95.2246,95.5734,449444
2026-05-15,XLE,95.6813,96.0013,94.6827,94.8615,532847
2026-05-18,XLE,95.3419,95.8775,94.2427,95.1409,415094
2026-05-19,XLE,94.8755,96.4397,94.8284,96.1449,368621
2026-05-20,XLE,96.6748,97.9225,96.5724,97.2334,452900
2026-05-21,XLE,96.9413,97.5284,95.8427,96.1414,649930
2026-05-22,XLE,95.6428,96.4452,95.5607,96.3386,298170
2026-05-25,XLE,96.3925,98.2554,96.3744,98.0741,440277
2026-05-26,XLE,97.2593,98.0670,97.0691,97.8516,404119
2026-05-27,XLE,97.2411,97.8287,96.6342,96.8802,384366
2026-05-28,XLE,97.3012,98.1286,94.5366,95.0783,320622
2026-05-29,XLE,95.3239,95.7347,94.0012,94.3319,376417
2026-06-01,XLE,94.4195,95.9852,93.9990,94.6328,490123
2026-06-02,XLE,94.9318,97.4646,94.1824,97.2254,363483
2026-06-03,XLE,97.4433,97.9095,95.4909,96.3926,378060
2026-06-04,XLE,96.8654,96.9320,94.9646,95.4622,149822
2026-06-05,XLE,96.0573,96.4089,95.0042,95.7986,404152
2026-06-08,XLE,95.6300,95.8446,94.2749,94.4726,441687
2026-06-09,XLE,95.0606,95.4232,93.6518,93.6622,306810
2026-06-10,XLE,93.5828,93.6112,91.0410,91.6884,366155
2026-06-11,XLE,91.3784,92.9801,90.8031,92.9072,455120
2026-06-12,XLE,92.5303,93.1340,92.1424,92.6784,360403
2026-06-15,XLE,92.7178,94.5522,92.7021,94.3174,333162
2026-06-16,XLE,94.6332,94.8148,93.5714,94.0057,496562
2026-06-17,XLE,94.1554,96.5467,93.7975,96.4761,353222
2026-06-18,XLE,97.0353,97.1471,95.3283,95.6887,383755
2026-06-19,XLE,95.5185,97.1930,95.1588,97.1065,493737
2026-06-22,XLE,96.9133,97.2883,95.7250,95.9782,345997
2026-06-23,XLE,96.5238,96.7832,95.4388,95.8456,312324
2026-06-24,XLE,95.8020,96.4185,95.3318,95.3604,253707
2026-06-25,XLE,95.3037,95.7643,94.4744,94.9755,371832
2026-06-26,XLE,94.6074,94.6202,91.1092,91.5818,531950
2026-06-29,XLE,92.2875,95.4178,91.8000,94.9953,392379
2026-06-30,XLE,94.9915,95.4832,94.7758,95.3829,342307
2026-07-01,XLE,95.1344,97.2421,93.6842,96.6963,479264
2026-07-02,XLE,96.7738,96.9395,93.3271,94.5821,294109
2026-07-03,XLE,93.9606,94.6090,93.2289,94.1046,510746
2026-07-06,XLE,94.3146,95.2856,93.5423,94.8511,363337
2026-07-07,XLE,94.8801,94.9458,93.2618,93.5219,343878
2026-07-08,XLE,93.5150,93.7860,91.6514,91.7172,329412
2026-07-09,XLE,91.9604,92.1266,89.9040,90.8595,342725
2026-07-10,XLE,91.3063,91.3996,90.6238,90.6386,381438
2026-07-13,XLE,90.4677,90.5527,88.9299,89.1569,316889
2026-07-14,XLE,88.5286,92.5538,88.2890,91.5862,240118
2026-07-15,XLE,92.0537,92.3477,88.2462,88.5805,402505
2026-07-16,XLE,87.4471,87.8725,86.9095,87.8234,451358
2026-07-17,XLE,87.6673,89.6564,87.2492,89.2019,425418
2026-07-20,XLE,89.4016,89.4217,89.0058,89.1784,420260
2026-07-21,XLE,89.5115,91.8248,89.0385,91.5760,295486
2026-07-22,XLE,91.8599,91.9176,90.1020,90.3383,290453
2026-07-23,XLE,90.7706,90.7858,87.3450,87.8144,374561
2026-07-24,XLE,87.6700,88.0881,87.1849,87.9498,346384
2026-07-27,XLE,88.1317,88.9572,86.2892,86.9831,352419
2026-07-28,XLE,87.1577,87.7220,85.5220,86.0745,426123
2026-07-29,XLE,87.2906,87.7810,87.0099,87.1453,437460
2026-07-30,XLE,86.7549,86.9481,86.3728,86.8722,600073
2026-07-31,XLE,86.6522,88.1176,85.5944,87.9856,510845
2026-08-03,XLE,87.1352,87.2646,86.7881,87.1851,266978
2026-08-04,XLE,87.7366,88.6164,87.6423,88.5226,417859
2026-08-05,XLE,88.5074,88.6434,87.7843,87.8470,337752
2026-08-06,XLE,87.8703,88.7713,87.5518,88.5837,463599
2026-08-07,XLE,88.5157,88.7893,87.5643,87.7025,355565
2026-08-10,XLE,87.0069,88.5711,86.6899,88.2033,421369
2026-08-11,XLE,88.6005,88.9625,87.9427,88.4243,421965
2026-08-12,XLE,89.0797,89.4349,88.0448,89.1284,374098
2026-08-13,XLE,88.9298,90.1790,88.4435,90.0294,418070
2026-08-14,XLE,89.9188,90.6220,89.7500,90.5325,281462
2026-08-17,XLE,90.5722,91.5802,89.9826,90.7204,566190
2026-08-18,XLE,90.3598,92.4848,90.2910,91.5434,380723
2026-08-19,XLE,91.2329,91.7073,89.7969,90.3219,334740
2026-08-20,XLE,90.4437,93.8372,90.0638,93.7062,371054
2026-08-21,XLE,93.3099,94.0188,93.0653,94.0055,439003
2026-08-24,XLE,93.4432,95.1967,93.2337,94.6465,470132
2026-08-25,XLE,94.2658,96.1799,93.9845,95.4630,275825
2026-08-26,XLE,95.1793,95.7081,93.7351,93.9551,441079
2026-08-27,XLE,94.0320,94.0341,92.8965,93.6947,275774
2026-08-28,XLE,93.8510,94.5437,92.2077,92.4145,382769
2026-08-31,XLE,92.4901,93.0060,91.8105,92.6276,459375
2026-09-01,XLE,93.0641,96.7009,93.0375,96.1470,404141
2026-09-02,XLE,96.1266,99.3161,95.9413,98.4495,352444
2026-09-03,XLE,98.1244,99.3229,97.2828,98.8208,540354
2026-09-04,XLE,98.7133,99.4687,98.3130,99.0963,463113
2026-09-07,XLE,98.4565,101.3927,98.4079,100.9430,464630
2026-09-08,XLE,100.9875,101.4126,99.0787,99.6208,497753
2026-09-09,XLE,99.7054,100.3651,99.1607,99.3566,372622
2026-09-10,XLE,99.0950,99.8662,98.8535,98.9730,306523
2026-09-11,XLE,99.0983,99.6010,98.6238,99.0432,387256
2026-09-14,XLE,98.8198,100.2743,98.5095,100.0511,318053
2026-09-15,XLE,99.9788,104.0385,99.9698,102.9210,438234
2026-09-16,XLE,102.7213,104.7794,101.9354,104.5030,343652
2026-09-17,XLE,104.0637,104.8547,103.9835,104.5439,275901
2026-09-18,XLE,104.9396,105.6152,104.2508,105.4945,281935
2026-09-21,XLE,105.6754,107.1504,104.3648,106.9924,447543
2026-09-22,XLE,106.9909,107.9935,105.7132,106.0437,436156
2026-09-23,XLE,105.6995,108.1759,104.5033,107.5339,365896
2026-09-24,XLE,108.4334,109.6601,108.3284,109.4106,350293
2026-09-25,XLE,109.6174,110.1953,109.4052,109.6030,453856
2026-09-28,XLE,109.6304,110.0685,108.2805,108.7545,467342
2026-09-29,XLE,109.0024,109.5976,107.2705,107.7503,530434
2026-09-30,XLE,108.1776,108.4582,104.6158,105.2308,264777
2026-10-01,XLE,104.6029,104.7670,104.3055,104.6349,199589
